recno,rho,T,P,u
1,1.0E-10,60.0,1.24636E-11,-1842.881
2,2.0E-10,60.0,2.492719E-11,-1842.881
3,3.0E-10,60.0,3.739079E-11,-1842.881
4,4.0E-10,60.0,4.985439E-11,-1842.881
5,5.0E-10,60.0,6.231798E-11,-1842.881
6,6.0E-10,60.0,7.478158E-11,-1842.881
7,7.0E-10,60.0,8.724518E-11,-1842.881
8,8.0E-10,60.0,9.970877E-11,-1842.881
9,9.0E-10,60.0,1.121724E-10,-1842.881
10,1.0E-9,60.0,1.24636E-10,-1842.881
11,2.0E-9,60.0,2.492719E-10,-1842.881
12,3.0E-9,60.0,3.739079E-10,-1842.881
13,4.0E-9,60.0,4.985439E-10,-1842.881
14,5.0E-9,60.0,6.231798E-10,-1842.881
15,6.0E-9,60.0,7.478158E-10,-1842.881
16,7.0E-9,60.0,8.724518E-10,-1842.881
17,8.0E-9,60.0,9.970877E-10,-1842.881
18,9.0E-9,60.0,1.121724E-9,-1842.881
19,1.0E-8,60.0,1.24636E-9,-1842.881
20,2.0E-8,60.0,2.492719E-9,-1842.881
21,3.0E-8,60.0,3.739079E-9,-1842.881
22,4.0E-8,60.0,4.985439E-9,-1842.881
23,5.0E-8,60.0,6.231799E-9,-1842.881
24,6.0E-8,60.0,7.478159E-9,-1842.881
25,7.0E-8,60.0,8.724519E-9,-1842.881
26,8.0E-8,60.0,9.970879E-9,-1842.881
27,9.0E-8,60.0,1.121724E-8,-1842.881
28,1.0E-7,60.0,1.24636E-8,-1842.881
29,2.0E-7,60.0,2.49272E-8,-1842.881
30,3.0E-7,60.0,3.739081E-8,-1842.881
31,4.0E-7,60.0,4.985442E-8,-1842.881
32,5.0E-7,60.0,6.231804E-8,-1842.881
33,6.0E-7,60.0,7.478166E-8,-1842.881
34,7.0E-7,60.0,8.724529E-8,-1842.881
35,8.0E-7,60.0,9.970892E-8,-1842.881
36,9.0E-7,60.0,1.121726E-7,-1842.881
37,1.0E-6,60.0,1.246362E-7,-1842.881
38,2.0E-6,60.0,2.492729E-7,-1842.881
39,3.0E-6,60.0,3.7391E-7,-1842.881
40,4.0E-6,60.0,4.985476E-7,-1842.881
41,5.0E-6,60.0,6.231856E-7,-1842.881
42,6.0E-6,60.0,7.478242E-7,-1842.881
43,7.0E-6,60.0,8.724632E-7,-1842.881
44,8.0E-6,60.0,9.971026E-7,-1842.881
45,9.0E-6,60.0,1.121743E-6,-1842.881
46,1.0E-5,60.0,1.246383E-6,-1842.881
47,2.0E-5,60.0,2.492812E-6,-1842.881
48,3.0E-5,60.0,3.739288E-6,-1842.881
49,4.0E-5,60.0,4.985811E-6,-1842.881
50,5.0E-5,60.0,6.23238E-6,-1842.881
51,6.0E-5,60.0,7.478996E-6,-1842.881
52,7.0E-5,60.0,8.725658E-6,-1842.881
53,8.0E-5,60.0,9.972367E-6,-1842.881
54,9.0E-5,60.0,1.121912E-5,-1842.881
55,1.0E-4,60.0,1.246593E-5,-1842.881
56,2.0E-4,60.0,2.493651E-5,-1842.881
57,3.0E-4,60.0,3.741177E-5,-1842.881
58,4.0E-4,60.0,4.989171E-5,-1842.881
59,5.0E-4,60.0,6.237633E-5,-1842.881
60,6.0E-4,60.0,7.486564E-5,-1842.881
61,7.0E-4,60.0,8.735966E-5,-1842.881
62,8.0E-4,60.0,9.985838E-5,-1842.881
63,9.0E-4,60.0,1.123618E-4,-1842.881
64,0.001,60.0,1.2487E-4,-1842.881
65,0.002,60.0,2.502131E-4,-1842.882
66,0.003,60.0,3.760369E-4,-1842.882
67,0.004,60.0,5.023493E-4,-1842.882
68,0.005,60.0,6.29158E-4,-1842.882
69,0.006,60.0,7.564709E-4,-1842.883
70,0.007,60.0,8.842961E-4,-1842.883
71,0.008,60.0,0.001012641,-1842.883
72,0.009,60.0,0.001141515,-1842.884
73,0.01,60.0,0.001270926,-1842.884
74,0.02,60.0,0.002596409,-1842.887
75,0.03,60.0,0.003985213,-1842.89
76,0.04,60.0,0.00544701,-1842.892
77,0.05,60.0,0.006992469,-1842.895
78,0.06,60.0,0.008633348,-1842.898
79,0.07,60.0,0.01038258,-1842.901
80,0.08,60.0,0.01225438,-1842.903
81,0.09,60.0,0.0142643,-1842.906
82,0.1,60.0,0.01642937,-1842.909
83,0.177828,60.0,0.04097822,-1842.927
84,0.316228,60.0,0.175,-1842.953
85,0.562341,60.0,1.586,-1842.563
86,1.0,60.0,13.727,-1838.792
87,1.778279,60.0,82.522,-1823.244
88,3.162278,60.0,390.609,-1777.38
89,5.623413,60.0,1565.345,-1666.508
90,10.0,60.0,5570.654,-1433.405
91,17.78279,60.0,17967.5,-989.011
92,31.62278,60.0,54963.0,-211.969
93,56.23413,60.0,162240.7,1097.27
94,100.0,60.0,465819.6,3236.421
95,177.8279,60.0,1311632.0,6651.091
96,316.2278,60.0,3633759.0,12009.85
97,562.3413,60.0,9941812.0,20299.41
98,1000.0,60.0,2.694123E7,32973.5
99,1.0E-10,100.0,2.077266E-11,-1842.756
100,2.0E-10,100.0,4.154532E-11,-1842.756
101,3.0E-10,100.0,6.231798E-11,-1842.756
102,4.0E-10,100.0,8.309064E-11,-1842.756
103,5.0E-10,100.0,1.038633E-10,-1842.756
104,6.0E-10,100.0,1.24636E-10,-1842.756
105,7.0E-10,100.0,1.454086E-10,-1842.756
106,8.0E-10,100.0,1.661813E-10,-1842.756
107,9.0E-10,100.0,1.869539E-10,-1842.756
108,1.0E-9,100.0,2.077266E-10,-1842.756
109,2.0E-9,100.0,4.154532E-10,-1842.756
110,3.0E-9,100.0,6.231798E-10,-1842.756
111,4.0E-9,100.0,8.309064E-10,-1842.756
112,5.0E-9,100.0,1.038633E-9,-1842.756
113,6.0E-9,100.0,1.24636E-9,-1842.756
114,7.0E-9,100.0,1.454086E-9,-1842.756
115,8.0E-9,100.0,1.661813E-9,-1842.756
116,9.0E-9,100.0,1.86954E-9,-1842.756
117,1.0E-8,100.0,2.077266E-9,-1842.756
118,2.0E-8,100.0,4.154532E-9,-1842.756
119,3.0E-8,100.0,6.231799E-9,-1842.756
120,4.0E-8,100.0,8.309065E-9,-1842.756
121,5.0E-8,100.0,1.038633E-8,-1842.756
122,6.0E-8,100.0,1.24636E-8,-1842.756
123,7.0E-8,100.0,1.454087E-8,-1842.756
124,8.0E-8,100.0,1.661813E-8,-1842.756
125,9.0E-8,100.0,1.86954E-8,-1842.756
126,1.0E-7,100.0,2.077267E-8,-1842.756
127,2.0E-7,100.0,4.154534E-8,-1842.756
128,3.0E-7,100.0,6.231803E-8,-1842.756
129,4.0E-7,100.0,8.309073E-8,-1842.756
130,5.0E-7,100.0,1.038634E-7,-1842.756
131,6.0E-7,100.0,1.246362E-7,-1842.756
132,7.0E-7,100.0,1.454089E-7,-1842.756
133,8.0E-7,100.0,1.661816E-7,-1842.756
134,9.0E-7,100.0,1.869544E-7,-1842.756
135,1.0E-6,100.0,2.077272E-7,-1842.756
136,2.0E-6,100.0,4.154554E-7,-1842.756
137,3.0E-6,100.0,6.231847E-7,-1842.756
138,4.0E-6,100.0,8.309152E-7,-1842.756
139,5.0E-6,100.0,1.038647E-6,-1842.756
140,6.0E-6,100.0,1.246379E-6,-1842.756
141,7.0E-6,100.0,1.454113E-6,-1842.756
142,8.0E-6,100.0,1.661848E-6,-1842.756
143,9.0E-6,100.0,1.869584E-6,-1842.756
144,1.0E-5,100.0,2.077321E-6,-1842.756
145,2.0E-5,100.0,4.15475E-6,-1842.756
146,3.0E-5,100.0,6.232289E-6,-1842.756
147,4.0E-5,100.0,8.309937E-6,-1842.756
148,5.0E-5,100.0,1.038769E-5,-1842.756
149,6.0E-5,100.0,1.246556E-5,-1842.756
150,7.0E-5,100.0,1.454354E-5,-1842.756
151,8.0E-5,100.0,1.662162E-5,-1842.756
152,9.0E-5,100.0,1.869982E-5,-1842.756
153,1.0E-4,100.0,2.077812E-5,-1842.756
154,2.0E-4,100.0,4.156716E-5,-1842.756
155,3.0E-4,100.0,6.236713E-5,-1842.756
156,4.0E-4,100.0,8.317805E-5,-1842.756
157,5.0E-4,100.0,1.039999E-4,-1842.756
158,6.0E-4,100.0,1.248328E-4,-1842.756
159,7.0E-4,100.0,1.456766E-4,-1842.756
160,8.0E-4,100.0,1.665314E-4,-1842.756
161,9.0E-4,100.0,1.873972E-4,-1842.756
162,0.001,100.0,2.082741E-4,-1842.756
163,0.002,100.0,4.176507E-4,-1842.757
164,0.003,100.0,6.281416E-4,-1842.757
165,0.004,100.0,8.397585E-4,-1842.757
166,0.005,100.0,0.001052513,-1842.757
167,0.006,100.0,0.001266417,-1842.757
168,0.007,100.0,0.001481483,-1842.758
169,0.008,100.0,0.001697723,-1842.758
170,0.009,100.0,0.001915149,-1842.758
171,0.01,100.0,0.002133774,-1842.758
172,0.02,100.0,0.004388741,-1842.76
173,0.03,100.0,0.006778027,-1842.762
174,0.04,100.0,0.009315979,-1842.764
175,0.05,100.0,0.01201827,-1842.765
176,0.06,100.0,0.01490197,-1842.767
177,0.07,100.0,0.01798569,-1842.768
178,0.08,100.0,0.02128961,-1842.77
179,0.09,100.0,0.02483566,-1842.771
180,0.1,100.0,0.02864752,-1842.772
181,0.177828,100.0,0.07064992,-1842.778
182,0.316228,100.0,0.267,-1842.776
183,0.562341,100.0,2.038,-1842.196
184,1.0,100.0,14.032,-1838.551
185,1.778279,100.0,83.017,-1822.995
186,3.162278,100.0,391.32,-1777.131
187,5.623413,100.0,1566.434,-1666.258
188,10.0,100.0,5572.243,-1433.158
189,17.78279,100.0,17971.83,-988.744
190,31.62278,100.0,54969.21,-211.72
191,56.23413,100.0,162246.9,1097.542
192,100.0,100.0,465847.3,3236.666
193,177.8279,100.0,1311657.0,6651.316
194,316.2278,100.0,3633820.0,12010.13
195,562.3413,100.0,9941889.0,20299.67
196,1000.0,100.0,2.694135E7,32973.77
197,1.0E-10,200.0,4.154532E-11,-1842.445
198,2.0E-10,200.0,8.309064E-11,-1842.445
199,3.0E-10,200.0,1.24636E-10,-1842.445
200,4.0E-10,200.0,1.661813E-10,-1842.445
201,5.0E-10,200.0,2.077266E-10,-1842.445
202,6.0E-10,200.0,2.492719E-10,-1842.445
203,7.0E-10,200.0,2.908173E-10,-1842.445
204,8.0E-10,200.0,3.323626E-10,-1842.445
205,9.0E-10,200.0,3.739079E-10,-1842.445
206,1.0E-9,200.0,4.154532E-10,-1842.445
207,2.0E-9,200.0,8.309064E-10,-1842.445
208,3.0E-9,200.0,1.24636E-9,-1842.445
209,4.0E-9,200.0,1.661813E-9,-1842.445
210,5.0E-9,200.0,2.077266E-9,-1842.445
211,6.0E-9,200.0,2.492719E-9,-1842.445
212,7.0E-9,200.0,2.908173E-9,-1842.445
213,8.0E-9,200.0,3.323626E-9,-1842.445
214,9.0E-9,200.0,3.739079E-9,-1842.445
215,1.0E-8,200.0,4.154532E-9,-1842.445
216,2.0E-8,200.0,8.309065E-9,-1842.445
217,3.0E-8,200.0,1.24636E-8,-1842.445
218,4.0E-8,200.0,1.661813E-8,-1842.445
219,5.0E-8,200.0,2.077266E-8,-1842.445
220,6.0E-8,200.0,2.49272E-8,-1842.445
221,7.0E-8,200.0,2.908173E-8,-1842.445
222,8.0E-8,200.0,3.323627E-8,-1842.445
223,9.0E-8,200.0,3.73908E-8,-1842.445
224,1.0E-7,200.0,4.154533E-8,-1842.445
225,2.0E-7,200.0,8.309069E-8,-1842.445
226,3.0E-7,200.0,1.246361E-7,-1842.445
227,4.0E-7,200.0,1.661815E-7,-1842.445
228,5.0E-7,200.0,2.077269E-7,-1842.445
229,6.0E-7,200.0,2.492724E-7,-1842.445
230,7.0E-7,200.0,2.908178E-7,-1842.445
231,8.0E-7,200.0,3.323634E-7,-1842.445
232,9.0E-7,200.0,3.739089E-7,-1842.445
233,1.0E-6,200.0,4.154544E-7,-1842.445
234,2.0E-6,200.0,8.309113E-7,-1842.445
235,3.0E-6,200.0,1.246371E-6,-1842.445
236,4.0E-6,200.0,1.661832E-6,-1842.445
237,5.0E-6,200.0,2.077296E-6,-1842.445
238,6.0E-6,200.0,2.492763E-6,-1842.445
239,7.0E-6,200.0,2.908232E-6,-1842.445
240,8.0E-6,200.0,3.323704E-6,-1842.445
241,9.0E-6,200.0,3.739177E-6,-1842.445
242,1.0E-5,200.0,4.154654E-6,-1842.445
243,2.0E-5,200.0,8.30955E-6,-1842.445
244,3.0E-5,200.0,1.246469E-5,-1842.445
245,4.0E-5,200.0,1.662007E-5,-1842.445
246,5.0E-5,200.0,2.07757E-5,-1842.445
247,6.0E-5,200.0,2.493157E-5,-1842.445
248,7.0E-5,200.0,2.908768E-5,-1842.445
249,8.0E-5,200.0,3.324404E-5,-1842.445
250,9.0E-5,200.0,3.740064E-5,-1842.445
251,1.0E-4,200.0,4.155748E-5,-1842.445
252,2.0E-4,200.0,8.313928E-5,-1842.445
253,3.0E-4,200.0,1.247454E-4,-1842.445
254,4.0E-4,200.0,1.663759E-4,-1842.445
255,5.0E-4,200.0,2.080308E-4,-1842.445
256,6.0E-4,200.0,2.497101E-4,-1842.445
257,7.0E-4,200.0,2.914138E-4,-1842.445
258,8.0E-4,200.0,3.33142E-4,-1842.445
259,9.0E-4,200.0,3.748946E-4,-1842.445
260,0.001,200.0,4.166716E-4,-1842.445
261,0.002,200.0,8.357928E-4,-1842.445
262,0.003,200.0,0.001257383,-1842.445
263,0.004,200.0,0.00168146,-1842.445
264,0.005,200.0,0.002108045,-1842.445
265,0.006,200.0,0.002537157,-1842.445
266,0.007,200.0,0.002968815,-1842.445
267,0.008,200.0,0.00340304,-1842.445
268,0.009,200.0,0.00383985,-1842.445
269,0.01,200.0,0.004279268,-1842.445
270,0.02,200.0,0.008821322,-1842.445
271,0.03,200.0,0.01364725,-1842.445
272,0.04,200.0,0.01877967,-1842.445
273,0.05,200.0,0.02424286,-1842.444
274,0.06,200.0,0.03006281,-1842.444
275,0.07,200.0,0.03626732,-1842.443
276,0.08,200.0,0.04288608,-1842.442
277,0.09,200.0,0.04995077,-1842.441
278,0.1,200.0,0.05749514,-1842.44
279,0.177828,200.0,0.1370503,-1842.422
280,0.316228,200.0,0.461,-1842.351
281,0.562341,200.0,2.57,-1841.606
282,1.0,200.0,14.918,-1837.914
283,1.778279,200.0,84.226,-1822.367
284,3.162278,200.0,393.097,-1776.506
285,5.623413,200.0,1569.022,-1665.633
286,10.0,200.0,5575.481,-1432.534
287,17.78279,200.0,17972.51,-988.135
288,31.62278,200.0,54978.04,-211.115
289,56.23413,200.0,162265.9,1098.149
290,100.0,200.0,465896.7,3237.28
291,177.8279,200.0,1311722.0,6651.959
292,316.2278,200.0,3633901.0,12010.73
293,562.3413,200.0,9942060.0,20300.29
294,1000.0,200.0,2.694169E7,32974.42
295,1.0E-10,300.0,6.231798E-11,-1842.133
296,2.0E-10,300.0,1.24636E-10,-1842.133
297,3.0E-10,300.0,1.869539E-10,-1842.133
298,4.0E-10,300.0,2.492719E-10,-1842.133
299,5.0E-10,300.0,3.115899E-10,-1842.133
300,6.0E-10,300.0,3.739079E-10,-1842.133
301,7.0E-10,300.0,4.362259E-10,-1842.133
302,8.0E-10,300.0,4.985439E-10,-1842.133
303,9.0E-10,300.0,5.608618E-10,-1842.133
304,1.0E-9,300.0,6.231798E-10,-1842.133
305,2.0E-9,300.0,1.24636E-9,-1842.133
306,3.0E-9,300.0,1.869539E-9,-1842.133
307,4.0E-9,300.0,2.492719E-9,-1842.133
308,5.0E-9,300.0,3.115899E-9,-1842.133
309,6.0E-9,300.0,3.739079E-9,-1842.133
310,7.0E-9,300.0,4.362259E-9,-1842.133
311,8.0E-9,300.0,4.985439E-9,-1842.133
312,9.0E-9,300.0,5.608619E-9,-1842.133
313,1.0E-8,300.0,6.231798E-9,-1842.133
314,2.0E-8,300.0,1.24636E-8,-1842.133
315,3.0E-8,300.0,1.86954E-8,-1842.133
316,4.0E-8,300.0,2.49272E-8,-1842.133
317,5.0E-8,300.0,3.1159E-8,-1842.133
318,6.0E-8,300.0,3.73908E-8,-1842.133
319,7.0E-8,300.0,4.36226E-8,-1842.133
320,8.0E-8,300.0,4.98544E-8,-1842.133
321,9.0E-8,300.0,5.60862E-8,-1842.133
322,1.0E-7,300.0,6.2318E-8,-1842.133
323,2.0E-7,300.0,1.24636E-7,-1842.133
324,3.0E-7,300.0,1.869541E-7,-1842.133
325,4.0E-7,300.0,2.492722E-7,-1842.133
326,5.0E-7,300.0,3.115904E-7,-1842.133
327,6.0E-7,300.0,3.739085E-7,-1842.133
328,7.0E-7,300.0,4.362268E-7,-1842.133
329,8.0E-7,300.0,4.98545E-7,-1842.133
330,9.0E-7,300.0,5.608633E-7,-1842.133
331,1.0E-6,300.0,6.231816E-7,-1842.133
332,2.0E-6,300.0,1.246367E-6,-1842.133
333,3.0E-6,300.0,1.869556E-6,-1842.133
334,4.0E-6,300.0,2.492748E-6,-1842.133
335,5.0E-6,300.0,3.115944E-6,-1842.133
336,6.0E-6,300.0,3.739144E-6,-1842.133
337,7.0E-6,300.0,4.362347E-6,-1842.133
338,8.0E-6,300.0,4.985554E-6,-1842.133
339,9.0E-6,300.0,5.608764E-6,-1842.133
340,1.0E-5,300.0,6.231978E-6,-1842.133
341,2.0E-5,300.0,1.246432E-5,-1842.133
342,3.0E-5,300.0,1.869701E-5,-1842.133
343,4.0E-5,300.0,2.493007E-5,-1842.133
344,5.0E-5,300.0,3.116349E-5,-1842.133
345,6.0E-5,300.0,3.739727E-5,-1842.133
346,7.0E-5,300.0,4.36314E-5,-1842.133
347,8.0E-5,300.0,4.98659E-5,-1842.133
348,9.0E-5,300.0,5.610076E-5,-1842.133
349,1.0E-4,300.0,6.233598E-5,-1842.133
350,2.0E-4,300.0,1.24708E-4,-1842.133
351,3.0E-4,300.0,1.87116E-4,-1842.133
352,4.0E-4,300.0,2.4956E-4,-1842.133
353,5.0E-4,300.0,3.120402E-4,-1842.133
354,6.0E-4,300.0,3.745564E-4,-1842.133
355,7.0E-4,300.0,4.371088E-4,-1842.133
356,8.0E-4,300.0,4.996974E-4,-1842.133
357,9.0E-4,300.0,5.623221E-4,-1842.133
358,0.001,300.0,6.24983E-4,-1842.133
359,0.002,300.0,0.001253589,-1842.133
360,0.003,300.0,0.001885842,-1842.133
361,0.004,300.0,0.002521767,-1842.132
362,0.005,300.0,0.003161389,-1842.132
363,0.006,300.0,0.003804733,-1842.132
364,0.007,300.0,0.004451824,-1842.132
365,0.008,300.0,0.005102689,-1842.132
366,0.009,300.0,0.005757351,-1842.132
367,0.01,300.0,0.006415838,-1842.131
368,0.02,300.0,0.0132168,-1842.13
369,0.03,300.0,0.02042967,-1842.128
370,0.04,300.0,0.02808288,-1842.126
371,0.05,300.0,0.03620664,-1842.123
372,0.06,300.0,0.04483295,-1842.121
373,0.07,300.0,0.05399572,-1842.118
374,0.08,300.0,0.06373081,-1842.115
375,0.09,300.0,0.07407615,-1842.112
376,0.1,300.0,0.08507177,-1842.108
377,0.177828,300.0,0.1980236,-1842.068
378,0.316228,300.0,0.626,-1841.94
379,0.562341,300.0,2.993,-1841.082
380,1.0,300.0,15.803,-1837.274
381,1.778279,300.0,85.46,-1821.741
382,3.162278,300.0,394.885,-1775.882
383,5.623413,300.0,1571.817,-1664.981
384,10.0,300.0,5579.352,-1431.906
385,17.78279,300.0,17978.59,-987.515
386,31.62278,300.0,54989.21,-210.493
387,56.23413,300.0,162284.2,1098.77
388,100.0,300.0,465931.9,3237.906
389,177.8279,300.0,1311776.0,6652.57
390,316.2278,300.0,3634012.0,12011.37
391,562.3413,300.0,9942240.0,20300.89
392,1000.0,300.0,2.694198E7,32975.0
393,1.0E-10,600.0,1.246358E-10,-1841.198
394,2.0E-10,600.0,2.492716E-10,-1841.198
395,3.0E-10,600.0,3.739075E-10,-1841.198
396,4.0E-10,600.0,4.985433E-10,-1841.198
397,5.0E-10,600.0,6.231791E-10,-1841.198
398,6.0E-10,600.0,7.478149E-10,-1841.198
399,7.0E-10,600.0,8.724507E-10,-1841.198
400,8.0E-10,600.0,9.970865E-10,-1841.198
401,9.0E-10,600.0,1.121722E-9,-1841.198
402,1.0E-9,600.0,1.246358E-9,-1841.198
403,2.0E-9,600.0,2.492716E-9,-1841.198
404,3.0E-9,600.0,3.739075E-9,-1841.198
405,4.0E-9,600.0,4.985433E-9,-1841.198
406,5.0E-9,600.0,6.231791E-9,-1841.198
407,6.0E-9,600.0,7.478149E-9,-1841.198
408,7.0E-9,600.0,8.724507E-9,-1841.198
409,8.0E-9,600.0,9.970866E-9,-1841.198
410,9.0E-9,600.0,1.121722E-8,-1841.198
411,1.0E-8,600.0,1.246358E-8,-1841.198
412,2.0E-8,600.0,2.492716E-8,-1841.198
413,3.0E-8,600.0,3.739075E-8,-1841.198
414,4.0E-8,600.0,4.985433E-8,-1841.198
415,5.0E-8,600.0,6.231792E-8,-1841.198
416,6.0E-8,600.0,7.47815E-8,-1841.198
417,7.0E-8,600.0,8.724509E-8,-1841.198
418,8.0E-8,600.0,9.970867E-8,-1841.198
419,9.0E-8,600.0,1.121723E-7,-1841.198
420,1.0E-7,600.0,1.246358E-7,-1841.198
421,2.0E-7,600.0,2.492718E-7,-1841.198
422,3.0E-7,600.0,3.739077E-7,-1841.198
423,4.0E-7,600.0,4.985438E-7,-1841.198
424,5.0E-7,600.0,6.231799E-7,-1841.198
425,6.0E-7,600.0,7.478161E-7,-1841.198
426,7.0E-7,600.0,8.724523E-7,-1841.198
427,8.0E-7,600.0,9.970886E-7,-1841.198
428,9.0E-7,600.0,1.121725E-6,-1841.198
429,1.0E-6,600.0,1.246361E-6,-1841.198
430,2.0E-6,600.0,2.492729E-6,-1841.198
431,3.0E-6,600.0,3.739104E-6,-1841.198
432,4.0E-6,600.0,4.985485E-6,-1841.198
433,5.0E-6,600.0,6.231873E-6,-1841.198
434,6.0E-6,600.0,7.478267E-6,-1841.198
435,7.0E-6,600.0,8.724668E-6,-1841.198
436,8.0E-6,600.0,9.971076E-6,-1841.198
437,9.0E-6,600.0,1.121749E-5,-1841.198
438,1.0E-5,600.0,1.246391E-5,-1841.198
439,2.0E-5,600.0,2.492848E-5,-1841.198
440,3.0E-5,600.0,3.73937E-5,-1841.198
441,4.0E-5,600.0,4.985958E-5,-1841.198
442,5.0E-5,600.0,6.232612E-5,-1841.198
443,6.0E-5,600.0,7.479332E-5,-1841.198
444,7.0E-5,600.0,8.726117E-5,-1841.198
445,8.0E-5,600.0,9.972969E-5,-1841.198
446,9.0E-5,600.0,1.121989E-4,-1841.198
447,1.0E-4,600.0,1.246687E-4,-1841.198
448,2.0E-4,600.0,2.494031E-4,-1841.198
449,3.0E-4,600.0,3.742033E-4,-1841.198
450,4.0E-4,600.0,4.990694E-4,-1841.198
451,5.0E-4,600.0,6.240013E-4,-1841.198
452,6.0E-4,600.0,7.48999E-4,-1841.198
453,7.0E-4,600.0,8.740627E-4,-1841.198
454,8.0E-4,600.0,9.991924E-4,-1841.198
455,9.0E-4,600.0,0.001124388,-1841.198
456,0.001,600.0,0.00124965,-1841.198
457,0.002,600.0,0.002505907,-1841.197
458,0.003,600.0,0.003768806,-1841.197
459,0.004,600.0,0.005038384,-1841.196
460,0.005,600.0,0.006314677,-1841.195
461,0.006,600.0,0.00759772,-1841.195
462,0.007,600.0,0.008887551,-1841.194
463,0.008,600.0,0.01018421,-1841.194
464,0.009,600.0,0.01148772,-1841.193
465,0.01,600.0,0.01279813,-1841.192
466,0.02,600.0,0.02628986,-1841.186
467,0.03,600.0,0.04051318,-1841.179
468,0.04,600.0,0.05550786,-1841.172
469,0.05,600.0,0.07131546,-1841.165
470,0.06,600.0,0.08797937,-1841.157
471,0.07,600.0,0.1055449,-1841.149
472,0.08,600.0,0.1240592,-1841.141
473,0.09,600.0,0.1435716,-1841.132
474,0.1,600.0,0.1641333,-1841.122
475,0.177828,600.0,0.361,-1841.04
476,0.316228,600.0,1.044,-1840.765
477,0.562341,600.0,4.076,-1839.613
478,1.0,600.0,19.438,-1834.861
479,1.778279,600.0,89.203,-1819.84
480,3.162278,600.0,400.249,-1773.999
481,5.623413,600.0,1579.497,-1663.138
482,10.0,600.0,5590.18,-1430.036
483,17.78279,600.0,17996.88,-985.659
484,31.62278,600.0,55021.76,-208.634
485,56.23413,600.0,162339.1,1100.632
486,100.0,600.0,466012.1,3239.759
487,177.8279,600.0,1311963.0,6654.443
488,316.2278,600.0,3634321.0,12013.21
489,562.3413,600.0,9942801.0,20302.84
490,1000.0,600.0,2.694294E7,32976.87
491,1.0E-10,1000.0,2.077264E-10,-1839.952
492,2.0E-10,1000.0,4.154527E-10,-1839.952
493,3.0E-10,1000.0,6.231791E-10,-1839.952
494,4.0E-10,1000.0,8.309055E-10,-1839.952
495,5.0E-10,1000.0,1.038632E-9,-1839.952
496,6.0E-10,1000.0,1.246358E-9,-1839.952
497,7.0E-10,1000.0,1.454085E-9,-1839.952
498,8.0E-10,1000.0,1.661811E-9,-1839.952
499,9.0E-10,1000.0,1.869537E-9,-1839.952
500,1.0E-9,1000.0,2.077264E-9,-1839.952
501,2.0E-9,1000.0,4.154527E-9,-1839.952
502,3.0E-9,1000.0,6.231791E-9,-1839.952
503,4.0E-9,1000.0,8.309055E-9,-1839.952
504,5.0E-9,1000.0,1.038632E-8,-1839.952
505,6.0E-9,1000.0,1.246358E-8,-1839.952
506,7.0E-9,1000.0,1.454085E-8,-1839.952
507,8.0E-9,1000.0,1.661811E-8,-1839.952
508,9.0E-9,1000.0,1.869537E-8,-1839.952
509,1.0E-8,1000.0,2.077264E-8,-1839.952
510,2.0E-8,1000.0,4.154527E-8,-1839.952
511,3.0E-8,1000.0,6.231791E-8,-1839.952
512,4.0E-8,1000.0,8.309055E-8,-1839.952
513,5.0E-8,1000.0,1.038632E-7,-1839.952
514,6.0E-8,1000.0,1.246358E-7,-1839.952
515,7.0E-8,1000.0,1.454085E-7,-1839.952
516,8.0E-8,1000.0,1.661811E-7,-1839.952
517,9.0E-8,1000.0,1.869538E-7,-1839.952
518,1.0E-7,1000.0,2.077264E-7,-1839.952
519,2.0E-7,1000.0,4.154529E-7,-1839.952
520,3.0E-7,1000.0,6.231795E-7,-1839.952
521,4.0E-7,1000.0,8.309062E-7,-1839.952
522,5.0E-7,1000.0,1.038633E-6,-1839.952
523,6.0E-7,1000.0,1.24636E-6,-1839.952
524,7.0E-7,1000.0,1.454087E-6,-1839.952
525,8.0E-7,1000.0,1.661814E-6,-1839.952
526,9.0E-7,1000.0,1.869541E-6,-1839.952
527,1.0E-6,1000.0,2.077269E-6,-1839.952
528,2.0E-6,1000.0,4.154547E-6,-1839.952
529,3.0E-6,1000.0,6.231835E-6,-1839.952
530,4.0E-6,1000.0,8.309133E-6,-1839.952
531,5.0E-6,1000.0,1.038644E-5,-1839.952
532,6.0E-6,1000.0,1.246376E-5,-1839.952
533,7.0E-6,1000.0,1.454109E-5,-1839.952
534,8.0E-6,1000.0,1.661842E-5,-1839.952
535,9.0E-6,1000.0,1.869577E-5,-1839.952
536,1.0E-5,1000.0,2.077313E-5,-1839.952
537,2.0E-5,1000.0,4.154725E-5,-1839.952
538,3.0E-5,1000.0,6.232235E-5,-1839.952
539,4.0E-5,1000.0,8.309844E-5,-1839.952
540,5.0E-5,1000.0,1.038755E-4,-1839.952
541,6.0E-5,1000.0,1.246536E-4,-1839.952
542,7.0E-5,1000.0,1.454326E-4,-1839.952
543,8.0E-5,1000.0,1.662127E-4,-1839.952
544,9.0E-5,1000.0,1.869937E-4,-1839.952
545,1.0E-4,1000.0,2.077757E-4,-1839.952
546,2.0E-4,1000.0,4.156501E-4,-1839.952
547,3.0E-4,1000.0,6.236232E-4,-1839.952
548,4.0E-4,1000.0,8.316951E-4,-1839.952
549,5.0E-4,1000.0,0.001039866,-1839.951
550,6.0E-4,1000.0,0.001248135,-1839.951
551,7.0E-4,1000.0,0.001456504,-1839.951
552,8.0E-4,1000.0,0.001664972,-1839.951
553,9.0E-4,1000.0,0.001873538,-1839.951
554,0.001,1000.0,0.002082204,-1839.951
555,0.002,1000.0,0.004174317,-1839.95
556,0.003,1000.0,0.006276385,-1839.948
557,0.004,1000.0,0.008388453,-1839.947
558,0.005,1000.0,0.01051057,-1839.946
559,0.006,1000.0,0.01264277,-1839.945
560,0.007,1000.0,0.01478511,-1839.944
561,0.008,1000.0,0.01693763,-1839.943
562,0.009,1000.0,0.01910038,-1839.941
563,0.01,1000.0,0.0212734,-1839.94
564,0.02,1000.0,0.04357891,-1839.928
565,0.03,1000.0,0.06696366,-1839.915
566,0.04,1000.0,0.09147645,-1839.902
567,0.05,1000.0,0.1171678,-1839.888
568,0.06,1000.0,0.1440898,-1839.874
569,0.07,1000.0,0.1722965,-1839.859
570,0.08,1000.0,0.2018436,-1839.843
571,0.09,1000.0,0.2327886,-1839.827
572,0.1,1000.0,0.2651908,-1839.811
573,0.177828,1000.0,0.569,-1839.666
574,0.316228,1000.0,1.506,-1839.27
575,0.562341,1000.0,5.196,-1837.859
576,1.0,1000.0,22.218,-1832.583
577,1.778279,1000.0,94.336,-1817.226
578,3.162278,1000.0,407.422,-1771.481
579,5.623413,1000.0,1590.193,-1660.631
580,10.0,1000.0,5604.683,-1427.533
581,17.78279,1000.0,18023.56,-983.17
582,31.62278,1000.0,55066.5,-206.12
583,56.23413,1000.0,162413.6,1103.129
584,100.0,1000.0,466162.0,3242.264
585,177.8279,1000.0,1312189.0,6656.907
586,316.2278,1000.0,3634742.0,12015.68
587,562.3413,1000.0,9943533.0,20305.24
588,1000.0,1000.0,2.694424E7,32979.32
589,1.0E-10,2000.0,4.154527E-10,-1836.836
590,2.0E-10,2000.0,8.309054E-10,-1836.836
591,3.0E-10,2000.0,1.246358E-9,-1836.836
592,4.0E-10,2000.0,1.661811E-9,-1836.836
593,5.0E-10,2000.0,2.077264E-9,-1836.836
594,6.0E-10,2000.0,2.492716E-9,-1836.836
595,7.0E-10,2000.0,2.908169E-9,-1836.836
596,8.0E-10,2000.0,3.323622E-9,-1836.836
597,9.0E-10,2000.0,3.739075E-9,-1836.836
598,1.0E-9,2000.0,4.154527E-9,-1836.836
599,2.0E-9,2000.0,8.309055E-9,-1836.836
600,3.0E-9,2000.0,1.246358E-8,-1836.836
601,4.0E-9,2000.0,1.661811E-8,-1836.836
602,5.0E-9,2000.0,2.077264E-8,-1836.836
603,6.0E-9,2000.0,2.492716E-8,-1836.836
604,7.0E-9,2000.0,2.908169E-8,-1836.836
605,8.0E-9,2000.0,3.323622E-8,-1836.836
606,9.0E-9,2000.0,3.739075E-8,-1836.836
607,1.0E-8,2000.0,4.154527E-8,-1836.836
608,2.0E-8,2000.0,8.309055E-8,-1836.836
609,3.0E-8,2000.0,1.246358E-7,-1836.836
610,4.0E-8,2000.0,1.661811E-7,-1836.836
611,5.0E-8,2000.0,2.077264E-7,-1836.836
612,6.0E-8,2000.0,2.492717E-7,-1836.836
613,7.0E-8,2000.0,2.908169E-7,-1836.836
614,8.0E-8,2000.0,3.323622E-7,-1836.836
615,9.0E-8,2000.0,3.739075E-7,-1836.836
616,1.0E-7,2000.0,4.154528E-7,-1836.836
617,2.0E-7,2000.0,8.309058E-7,-1836.836
618,3.0E-7,2000.0,1.246359E-6,-1836.836
619,4.0E-7,2000.0,1.661812E-6,-1836.836
620,5.0E-7,2000.0,2.077266E-6,-1836.836
621,6.0E-7,2000.0,2.492719E-6,-1836.836
622,7.0E-7,2000.0,2.908173E-6,-1836.836
623,8.0E-7,2000.0,3.323627E-6,-1836.836
624,9.0E-7,2000.0,3.739081E-6,-1836.836
625,1.0E-6,2000.0,4.154536E-6,-1836.836
626,2.0E-6,2000.0,8.309088E-6,-1836.836
627,3.0E-6,2000.0,1.246366E-5,-1836.836
628,4.0E-6,2000.0,1.661824E-5,-1836.836
629,5.0E-6,2000.0,2.077284E-5,-1836.836
630,6.0E-6,2000.0,2.492746E-5,-1836.836
631,7.0E-6,2000.0,2.90821E-5,-1836.836
632,8.0E-6,2000.0,3.323675E-5,-1836.836
633,9.0E-6,2000.0,3.739141E-5,-1836.836
634,1.0E-5,2000.0,4.15461E-5,-1836.836
635,2.0E-5,2000.0,8.309385E-5,-1836.836
636,3.0E-5,2000.0,1.246433E-4,-1836.836
637,4.0E-5,2000.0,1.661943E-4,-1836.836
638,5.0E-5,2000.0,2.07747E-4,-1836.836
639,6.0E-5,2000.0,2.493014E-4,-1836.836
640,7.0E-5,2000.0,2.908574E-4,-1836.836
641,8.0E-5,2000.0,3.324151E-4,-1836.836
642,9.0E-5,2000.0,3.739744E-4,-1836.836
643,1.0E-4,2000.0,4.155354E-4,-1836.836
644,2.0E-4,2000.0,8.312363E-4,-1836.836
645,3.0E-4,2000.0,0.001247103,-1836.835
646,4.0E-4,2000.0,0.001663134,-1836.835
647,5.0E-4,2000.0,0.002079332,-1836.835
648,6.0E-4,2000.0,0.002495695,-1836.835
649,7.0E-4,2000.0,0.002912224,-1836.834
650,8.0E-4,2000.0,0.003328919,-1836.834
651,9.0E-4,2000.0,0.003745779,-1836.834
652,0.001,2000.0,0.004162806,-1836.834
653,0.002,2000.0,0.008342208,-1836.831
654,0.003,2000.0,0.01253827,-1836.829
655,0.004,2000.0,0.01675104,-1836.826
656,0.005,2000.0,0.0209806,-1836.824
657,0.006,2000.0,0.02522699,-1836.822
658,0.007,2000.0,0.02949028,-1836.819
659,0.008,2000.0,0.03377053,-1836.817
660,0.009,2000.0,0.03806779,-1836.814
661,0.01,2000.0,0.04238213,-1836.812
662,0.02,2000.0,0.08647811,-1836.787
663,0.03,2000.0,0.1323481,-1836.761
664,0.04,2000.0,0.1800523,-1836.735
665,0.05,2000.0,0.2296508,-1836.708
666,0.06,2000.0,0.2812039,-1836.68
667,0.07,2000.0,0.3347717,-1836.652
668,0.08,2000.0,0.3904144,-1836.623
669,0.09,2000.0,0.4481922,-1836.593
670,0.1,2000.0,0.5081652,-1836.563
671,0.177828,2000.0,1.059,-1836.288
672,0.316228,2000.0,2.556,-1835.636
673,0.562341,2000.0,7.641,-1833.667
674,1.0,2000.0,27.765,-1827.546
675,1.778279,2000.0,110.818,-1809.359
676,3.162278,2000.0,426.118,-1764.956
677,5.623413,2000.0,1618.032,-1654.018
678,10.0,2000.0,5643.009,-1421.03
679,17.78279,2000.0,18087.66,-976.823
680,31.62278,2000.0,55146.68,-197.984
681,56.23413,2000.0,162439.9,1116.405
682,100.0,2000.0,466469.0,3248.499
683,177.8279,2000.0,1312798.0,6663.113
684,316.2278,2000.0,3635787.0,12021.9
685,562.3413,2000.0,9945360.0,20311.41
686,1000.0,2000.0,2.694622E7,33001.33
687,1.0E-10,3000.0,6.231791E-10,-1833.72
688,2.0E-10,3000.0,1.246358E-9,-1833.72
689,3.0E-10,3000.0,1.869537E-9,-1833.72
690,4.0E-10,3000.0,2.492716E-9,-1833.72
691,5.0E-10,3000.0,3.115895E-9,-1833.72
692,6.0E-10,3000.0,3.739075E-9,-1833.72
693,7.0E-10,3000.0,4.362254E-9,-1833.72
694,8.0E-10,3000.0,4.985433E-9,-1833.72
695,9.0E-10,3000.0,5.608612E-9,-1833.72
696,1.0E-9,3000.0,6.231791E-9,-1833.72
697,2.0E-9,3000.0,1.246358E-8,-1833.72
698,3.0E-9,3000.0,1.869537E-8,-1833.72
699,4.0E-9,3000.0,2.492716E-8,-1833.72
700,5.0E-9,3000.0,3.115895E-8,-1833.72
701,6.0E-9,3000.0,3.739075E-8,-1833.72
702,7.0E-9,3000.0,4.362254E-8,-1833.72
703,8.0E-9,3000.0,4.985433E-8,-1833.72
704,9.0E-9,3000.0,5.608612E-8,-1833.72
705,1.0E-8,3000.0,6.231791E-8,-1833.72
706,2.0E-8,3000.0,1.246358E-7,-1833.72
707,3.0E-8,3000.0,1.869537E-7,-1833.72
708,4.0E-8,3000.0,2.492717E-7,-1833.72
709,5.0E-8,3000.0,3.115896E-7,-1833.72
710,6.0E-8,3000.0,3.739075E-7,-1833.72
711,7.0E-8,3000.0,4.362254E-7,-1833.72
712,8.0E-8,3000.0,4.985433E-7,-1833.72
713,9.0E-8,3000.0,5.608613E-7,-1833.72
714,1.0E-7,3000.0,6.231792E-7,-1833.72
715,2.0E-7,3000.0,1.246359E-6,-1833.72
716,3.0E-7,3000.0,1.869538E-6,-1833.72
717,4.0E-7,3000.0,2.492718E-6,-1833.72
718,5.0E-7,3000.0,3.115898E-6,-1833.72
719,6.0E-7,3000.0,3.739078E-6,-1833.72
720,7.0E-7,3000.0,4.362259E-6,-1833.72
721,8.0E-7,3000.0,4.98544E-6,-1833.72
722,9.0E-7,3000.0,5.608621E-6,-1833.72
723,1.0E-6,3000.0,6.231802E-6,-1833.72
724,2.0E-6,3000.0,1.246363E-5,-1833.72
725,3.0E-6,3000.0,1.869547E-5,-1833.72
726,4.0E-6,3000.0,2.492734E-5,-1833.72
727,5.0E-6,3000.0,3.115923E-5,-1833.72
728,6.0E-6,3000.0,3.739114E-5,-1833.72
729,7.0E-6,3000.0,4.362307E-5,-1833.72
730,8.0E-6,3000.0,4.985503E-5,-1833.72
731,9.0E-6,3000.0,5.608701E-5,-1833.72
732,1.0E-5,3000.0,6.231901E-5,-1833.72
733,2.0E-5,3000.0,1.246402E-4,-1833.72
734,3.0E-5,3000.0,1.869636E-4,-1833.72
735,4.0E-5,3000.0,2.492892E-4,-1833.72
736,5.0E-5,3000.0,3.11617E-4,-1833.72
737,6.0E-5,3000.0,3.739469E-4,-1833.72
738,7.0E-5,3000.0,4.362791E-4,-1833.72
739,8.0E-5,3000.0,4.986134E-4,-1833.72
740,9.0E-5,3000.0,5.6095E-4,-1833.72
741,1.0E-4,3000.0,6.232887E-4,-1833.72
742,2.0E-4,3000.0,0.001246797,-1833.719
743,3.0E-4,3000.0,0.001870524,-1833.719
744,4.0E-4,3000.0,0.002494471,-1833.719
745,5.0E-4,3000.0,0.003118638,-1833.718
746,6.0E-4,3000.0,0.003743024,-1833.718
747,7.0E-4,3000.0,0.00436763,-1833.718
748,8.0E-4,3000.0,0.004992456,-1833.717
749,9.0E-4,3000.0,0.005617501,-1833.717
750,0.001,3000.0,0.006242766,-1833.717
751,0.002,3000.0,0.01250753,-1833.713
752,0.003,3000.0,0.01879436,-1833.71
753,0.004,3000.0,0.02510332,-1833.706
754,0.005,3000.0,0.03143448,-1833.703
755,0.006,3000.0,0.03778791,-1833.699
756,0.007,3000.0,0.04416368,-1833.696
757,0.008,3000.0,0.05056185,-1833.692
758,0.009,3000.0,0.0569825,-1833.688
759,0.01,3000.0,0.06342569,-1833.685
760,0.02,3000.0,0.1291124,-1833.649
761,0.03,3000.0,0.1971283,-1833.612
762,0.04,3000.0,0.2675417,-1833.574
763,0.05,3000.0,0.3404206,-1833.535
764,0.06,3000.0,0.4158333,-1833.496
765,0.07,3000.0,0.493848,-1833.456
766,0.08,3000.0,0.5745328,-1833.415
767,0.09,3000.0,0.657956,-1833.373
768,0.1,3000.0,0.7441857,-1833.33
769,0.177828,3000.0,1.524,-1832.937
770,0.316228,3000.0,3.526,-1832.062
771,0.562341,3000.0,9.687,-1829.75
772,1.0,3000.0,32.468,-1822.884
773,1.778279,3000.0,121.19,-1803.61
774,3.162278,3000.0,457.729,-1754.866
775,5.623413,3000.0,1645.719,-1647.452
776,10.0,3000.0,5681.013,-1414.538
777,17.78279,3000.0,18149.45,-970.485
778,31.62278,3000.0,55256.16,-191.664
779,56.23413,3000.0,162627.5,1122.7
780,100.0,3000.0,466512.5,3264.262
781,177.8279,3000.0,1313411.0,6669.347
782,316.2278,3000.0,3636841.0,12028.03
783,562.3413,3000.0,9947219.0,20317.62
784,1000.0,3000.0,2.694949E7,33007.53
785,1.0E-10,6000.0,1.246359E-9,-1824.372
786,2.0E-10,6000.0,2.492717E-9,-1824.372
787,3.0E-10,6000.0,3.739076E-9,-1824.372
788,4.0E-10,6000.0,4.985434E-9,-1824.372
789,5.0E-10,6000.0,6.231792E-9,-1824.372
790,6.0E-10,6000.0,7.478151E-9,-1824.372
791,7.0E-10,6000.0,8.724509E-9,-1824.372
792,8.0E-10,6000.0,9.970867E-9,-1824.372
793,9.0E-10,6000.0,1.121723E-8,-1824.372
794,1.0E-9,6000.0,1.246358E-8,-1824.372
795,2.0E-9,6000.0,2.492717E-8,-1824.372
796,3.0E-9,6000.0,3.739075E-8,-1824.372
797,4.0E-9,6000.0,4.985433E-8,-1824.372
798,5.0E-9,6000.0,6.231791E-8,-1824.372
799,6.0E-9,6000.0,7.47815E-8,-1824.372
800,7.0E-9,6000.0,8.724508E-8,-1824.372
801,8.0E-9,6000.0,9.970866E-8,-1824.372
802,9.0E-9,6000.0,1.121722E-7,-1824.372
803,1.0E-8,6000.0,1.246358E-7,-1824.372
804,2.0E-8,6000.0,2.492717E-7,-1824.372
805,3.0E-8,6000.0,3.739075E-7,-1824.372
806,4.0E-8,6000.0,4.985433E-7,-1824.372
807,5.0E-8,6000.0,6.231791E-7,-1824.372
808,6.0E-8,6000.0,7.47815E-7,-1824.372
809,7.0E-8,6000.0,8.724508E-7,-1824.372
810,8.0E-8,6000.0,9.970867E-7,-1824.372
811,9.0E-8,6000.0,1.121723E-6,-1824.372
812,1.0E-7,6000.0,1.246358E-6,-1824.372
813,2.0E-7,6000.0,2.492717E-6,-1824.372
814,3.0E-7,6000.0,3.739076E-6,-1824.372
815,4.0E-7,6000.0,4.985436E-6,-1824.372
816,5.0E-7,6000.0,6.231795E-6,-1824.372
817,6.0E-7,6000.0,7.478155E-6,-1824.372
818,7.0E-7,6000.0,8.724516E-6,-1824.372
819,8.0E-7,6000.0,9.970877E-6,-1824.372
820,9.0E-7,6000.0,1.121724E-5,-1824.372
821,1.0E-6,6000.0,1.24636E-5,-1824.372
822,2.0E-6,6000.0,2.492723E-5,-1824.372
823,3.0E-6,6000.0,3.73909E-5,-1824.372
824,4.0E-6,6000.0,4.98546E-5,-1824.372
825,5.0E-6,6000.0,6.231834E-5,-1824.372
826,6.0E-6,6000.0,7.478211E-5,-1824.372
827,7.0E-6,6000.0,8.724592E-5,-1824.372
828,8.0E-6,6000.0,9.970976E-5,-1824.372
829,9.0E-6,6000.0,1.121736E-4,-1824.372
830,1.0E-5,6000.0,1.246375E-4,-1824.372
831,2.0E-5,6000.0,2.492786E-4,-1824.372
832,3.0E-5,6000.0,3.73923E-4,-1824.372
833,4.0E-5,6000.0,4.985709E-4,-1824.372
834,5.0E-5,6000.0,6.232223E-4,-1824.372
835,6.0E-5,6000.0,7.478772E-4,-1824.372
836,7.0E-5,6000.0,8.725355E-4,-1824.372
837,8.0E-5,6000.0,9.971972E-4,-1824.372
838,9.0E-5,6000.0,0.001121862,-1824.372
839,1.0E-4,6000.0,0.001246531,-1824.372
840,2.0E-4,6000.0,0.002493408,-1824.371
841,3.0E-4,6000.0,0.003740631,-1824.371
842,4.0E-4,6000.0,0.0049882,-1824.37
843,5.0E-4,6000.0,0.006236115,-1824.369
844,6.0E-4,6000.0,0.007484377,-1824.369
845,7.0E-4,6000.0,0.008732985,-1824.368
846,8.0E-4,6000.0,0.009981939,-1824.367
847,9.0E-4,6000.0,0.01123124,-1824.367
848,0.001,6000.0,0.01248089,-1824.366
849,0.002,6000.0,0.02499644,-1824.36
850,0.003,6000.0,0.03754673,-1824.353
851,0.004,6000.0,0.05013185,-1824.347
852,0.005,6000.0,0.06275187,-1824.341
853,0.006,6000.0,0.07540688,-1824.334
854,0.007,6000.0,0.08809695,-1824.328
855,0.008,6000.0,0.1008222,-1824.321
856,0.009,6000.0,0.1135826,-1824.315
857,0.01,6000.0,0.1263783,-1824.308
858,0.02,6000.0,0.2562952,-1824.243
859,0.03,6000.0,0.3898307,-1824.177
860,0.04,6000.0,0.527065,-1824.11
861,0.05,6000.0,0.6680784,-1824.041
862,0.06,6000.0,0.8129508,-1823.972
863,0.07,6000.0,0.9617626,-1823.901
864,0.08,6000.0,1.114594,-1823.83
865,0.09,6000.0,1.271525,-1823.757
866,0.1,6000.0,1.432635,-1823.683
867,0.177828,6000.0,2.836,-1823.022
868,0.316228,6000.0,6.139,-1821.669
869,0.562341,6000.0,15.197,-1818.428
870,1.0,6000.0,44.429,-1809.908
871,1.778279,6000.0,145.911,-1788.555
872,3.162278,6000.0,508.211,-1736.633
873,5.623413,6000.0,1755.986,-1621.428
874,10.0,6000.0,5825.793,-1387.007
875,17.78279,6000.0,18226.54,-940.601
876,31.62278,6000.0,55417.92,-160.813
877,56.23413,6000.0,162971.7,1152.176
878,100.0,6000.0,467178.3,3298.763
879,177.8279,6000.0,1315218.0,6688.011
880,316.2278,6000.0,3640010.0,12046.94
881,562.3413,6000.0,9952746.0,20336.44
882,1000.0,6000.0,2.695926E7,33026.27
883,1.0E-10,10000.0,2.100839E-9,-1804.829
884,2.0E-10,10000.0,4.187924E-9,-1806.894
885,3.0E-10,10000.0,6.272723E-9,-1807.811
886,4.0E-10,10000.0,8.35634E-9,-1808.359
887,5.0E-10,10000.0,1.04392E-8,-1808.733
888,6.0E-10,10000.0,1.252152E-8,-1809.009
889,7.0E-10,10000.0,1.460344E-8,-1809.223
890,8.0E-10,10000.0,1.668504E-8,-1809.396
891,9.0E-10,10000.0,1.876637E-8,-1809.54
892,1.0E-9,10000.0,2.084748E-8,-1809.661
893,2.0E-9,10000.0,4.165117E-8,-1810.319
894,3.0E-9,10000.0,6.244764E-8,-1810.61
895,4.0E-9,10000.0,8.324037E-8,-1810.784
896,5.0E-9,10000.0,1.040307E-7,-1810.903
897,6.0E-9,10000.0,1.248193E-7,-1810.99
898,7.0E-9,10000.0,1.456067E-7,-1811.058
899,8.0E-9,10000.0,1.66393E-7,-1811.113
900,9.0E-9,10000.0,1.871785E-7,-1811.159
901,1.0E-8,10000.0,2.079633E-7,-1811.197
902,2.0E-8,10000.0,4.157879E-7,-1811.406
903,3.0E-8,10000.0,6.235896E-7,-1811.498
904,4.0E-8,10000.0,8.313796E-7,-1811.553
905,5.0E-8,10000.0,1.039162E-6,-1811.591
906,6.0E-8,10000.0,1.246939E-6,-1811.618
907,7.0E-8,10000.0,1.454712E-6,-1811.64
908,8.0E-8,10000.0,1.662482E-6,-1811.657
909,9.0E-8,10000.0,1.870249E-6,-1811.672
910,1.0E-7,10000.0,2.078014E-6,-1811.684
911,2.0E-7,10000.0,4.155588E-6,-1811.75
912,3.0E-7,10000.0,6.233092E-6,-1811.779
913,4.0E-7,10000.0,8.310558E-6,-1811.796
914,5.0E-7,10000.0,1.0388E-5,-1811.808
915,6.0E-7,10000.0,1.246543E-5,-1811.817
916,7.0E-7,10000.0,1.454284E-5,-1811.824
917,8.0E-7,10000.0,1.662024E-5,-1811.829
918,9.0E-7,10000.0,1.869764E-5,-1811.834
919,1.0E-6,10000.0,2.077503E-5,-1811.838
920,2.0E-6,10000.0,4.154872E-5,-1811.859
921,3.0E-6,10000.0,6.232223E-5,-1811.868
922,4.0E-6,10000.0,8.309567E-5,-1811.873
923,5.0E-6,10000.0,1.038691E-4,-1811.877
924,6.0E-6,10000.0,1.246425E-4,-1811.88
925,7.0E-6,10000.0,1.454159E-4,-1811.882
926,8.0E-6,10000.0,1.661893E-4,-1811.884
927,9.0E-6,10000.0,1.869628E-4,-1811.885
928,1.0E-5,10000.0,2.077362E-4,-1811.886
929,2.0E-5,10000.0,4.154728E-4,-1811.893
930,3.0E-5,10000.0,6.232134E-4,-1811.896
931,4.0E-5,10000.0,8.309583E-4,-1811.897
932,5.0E-5,10000.0,0.001038708,-1811.898
933,6.0E-5,10000.0,0.001246462,-1811.899
934,7.0E-5,10000.0,0.00145422,-1811.9
935,8.0E-5,10000.0,0.001661984,-1811.9
936,9.0E-5,10000.0,0.001869751,-1811.901
937,1.0E-4,10000.0,0.002077524,-1811.901
938,2.0E-4,10000.0,0.004155508,-1811.902
939,3.0E-4,10000.0,0.006233962,-1811.902
940,4.0E-4,10000.0,0.008312889,-1811.901
941,5.0E-4,10000.0,0.01039229,-1811.901
942,6.0E-4,10000.0,0.01247216,-1811.9
943,7.0E-4,10000.0,0.01455251,-1811.899
944,8.0E-4,10000.0,0.01663333,-1811.899
945,9.0E-4,10000.0,0.01871462,-1811.898
946,0.001,10000.0,0.02079639,-1811.897
947,0.002,10000.0,0.04164016,-1811.888
948,0.003,10000.0,0.06253142,-1811.878
949,0.004,10000.0,0.08347027,-1811.869
950,0.005,10000.0,0.1044568,-1811.859
951,0.006,10000.0,0.1254911,-1811.849
952,0.007,10000.0,0.1465732,-1811.84
953,0.008,10000.0,0.1677033,-1811.83
954,0.009,10000.0,0.1888814,-1811.82
955,0.01,10000.0,0.2101076,-1811.81
956,0.02,10000.0,0.4250343,-1811.711
957,0.03,10000.0,0.6448666,-1811.611
958,0.04,10000.0,0.8696904,-1811.509
959,0.05,10000.0,1.099592,-1811.406
960,0.06,10000.0,1.334657,-1811.301
961,0.07,10000.0,1.574973,-1811.195
962,0.08,10000.0,1.820624,-1811.088
963,0.09,10000.0,2.071698,-1810.979
964,0.1,10000.0,2.328281,-1810.869
965,0.177828,10000.0,4.531,-1809.817
966,0.316228,10000.0,9.369,-1808.056
967,0.562341,10000.0,21.812,-1803.784
968,1.0,10000.0,57.62,-1794.037
969,1.778279,10000.0,173.553,-1770.234
970,3.162278,10000.0,563.324,-1715.255
971,5.623413,10000.0,1858.786,-1596.573
972,10.0,10000.0,6012.513,-1357.834
973,17.78279,10000.0,18509.47,-907.764
974,31.62278,10000.0,55651.44,-140.025
975,56.23413,10000.0,163191.7,1166.742
976,100.0,10000.0,468651.3,3324.846
977,177.8279,10000.0,1317690.0,6713.719
978,316.2278,10000.0,3644285.0,12072.33
979,562.3413,10000.0,9960215.0,20361.55
980,1000.0,10000.0,2.697237E7,33051.39
981,1.0E-10,20000.0,8.301961E-9,-1126.842
982,2.0E-10,20000.0,1.658961E-8,-1127.975
983,3.0E-10,20000.0,2.486318E-8,-1129.092
984,4.0E-10,20000.0,3.312279E-8,-1130.2
985,5.0E-10,20000.0,4.13686E-8,-1131.3
986,6.0E-10,20000.0,4.960075E-8,-1132.392
987,7.0E-10,20000.0,5.781936E-8,-1133.476
988,8.0E-10,20000.0,6.602457E-8,-1134.553
989,9.0E-10,20000.0,7.421653E-8,-1135.623
990,1.0E-9,20000.0,8.239535E-8,-1136.686
991,2.0E-9,20000.0,1.634881E-7,-1146.946
992,3.0E-9,20000.0,2.433952E-7,-1156.589
993,4.0E-9,20000.0,3.222177E-7,-1165.682
994,5.0E-9,20000.0,4.000425E-7,-1174.281
995,6.0E-9,20000.0,4.773592E-7,-1180.93
996,7.0E-9,20000.0,5.542994E-7,-1187.279
997,8.0E-9,20000.0,6.308694E-7,-1193.338
998,9.0E-9,20000.0,7.070755E-7,-1199.114
999,1.0E-8,20000.0,7.829242E-7,-1204.617
1000,2.0E-8,20000.0,1.523152E-6,-1246.521
1001,3.0E-8,20000.0,2.234643E-6,-1270.649
1002,4.0E-8,20000.0,2.923768E-6,-1285.7
1003,5.0E-8,20000.0,3.596898E-6,-1300.374
1004,6.0E-8,20000.0,4.258736E-6,-1317.387
1005,7.0E-8,20000.0,4.908447E-6,-1332.371
1006,8.0E-8,20000.0,5.547994E-6,-1345.574
1007,9.0E-8,20000.0,6.179727E-6,-1357.253
1008,1.0E-7,20000.0,6.804088E-6,-1367.644
1009,2.0E-7,20000.0,1.268535E-5,-1436.805
1010,3.0E-7,20000.0,1.825187E-5,-1477.486
1011,4.0E-7,20000.0,2.361553E-5,-1505.526
1012,5.0E-7,20000.0,2.883812E-5,-1526.697
1013,6.0E-7,20000.0,3.393346E-5,-1543.399
1014,7.0E-7,20000.0,3.905428E-5,-1557.212
1015,8.0E-7,20000.0,4.398061E-5,-1568.736
1016,9.0E-7,20000.0,4.890632E-5,-1578.52
1017,1.0E-6,20000.0,5.378956E-5,-1587.089
1018,2.0E-6,20000.0,1.011463E-4,-1637.259
1019,3.0E-6,20000.0,1.471125E-4,-1661.356
1020,4.0E-6,20000.0,1.923654E-4,-1676.207
1021,5.0E-6,20000.0,2.371718E-4,-1686.543
1022,6.0E-6,20000.0,2.816746E-4,-1694.272
1023,7.0E-6,20000.0,3.259504E-4,-1700.277
1024,8.0E-6,20000.0,3.700518E-4,-1705.199
1025,9.0E-6,20000.0,4.140034E-4,-1709.305
1026,1.0E-5,20000.0,4.578263E-4,-1712.764
1027,2.0E-5,20000.0,8.919076E-4,-1731.764
1028,3.0E-5,20000.0,0.001321717,-1740.346
1029,4.0E-5,20000.0,0.001749235,-1745.537
1030,5.0E-5,20000.0,0.002175334,-1749.067
1031,6.0E-5,20000.0,0.002600503,-1751.723
1032,7.0E-5,20000.0,0.003024963,-1753.791
1033,8.0E-5,20000.0,0.00344887,-1755.458
1034,9.0E-5,20000.0,0.003872317,-1756.859
1035,1.0E-4,20000.0,0.004295318,-1758.049
1036,2.0E-4,20000.0,0.008509981,-1764.474
1037,3.0E-4,20000.0,0.01271345,-1767.37
1038,4.0E-4,20000.0,0.01690971,-1769.092
1039,5.0E-4,20000.0,0.02110105,-1770.272
1040,6.0E-4,20000.0,0.02528964,-1771.149
1041,7.0E-4,20000.0,0.02947672,-1771.838
1042,8.0E-4,20000.0,0.03366291,-1772.385
1043,9.0E-4,20000.0,0.03784871,-1772.84
1044,0.001,20000.0,0.04203419,-1773.232
1045,0.002,20000.0,0.08387445,-1775.322
1046,0.003,20000.0,0.1257532,-1776.242
1047,0.004,20000.0,0.1676742,-1776.786
1048,0.005,20000.0,0.2096457,-1777.154
1049,0.006,20000.0,0.2516781,-1777.417
1050,0.007,20000.0,0.2937804,-1777.621
1051,0.008,20000.0,0.3359557,-1777.779
1052,0.009,20000.0,0.3782027,-1777.906
1053,0.01,20000.0,0.4205179,-1778.013
1054,0.02,20000.0,0.8474298,-1778.501
1055,0.03,20000.0,1.281517,-1778.61
1056,0.04,20000.0,1.722895,-1778.599
1057,0.05,20000.0,2.171672,-1778.521
1058,0.06,20000.0,2.627817,-1778.403
1059,0.07,20000.0,3.091466,-1778.266
1060,0.08,20000.0,3.562758,-1778.116
1061,0.09,20000.0,4.041767,-1777.957
1062,0.1,20000.0,4.528477,-1777.791
1063,0.177828,20000.0,8.666,-1776.307
1064,0.316228,20000.0,17.141,-1773.277
1065,0.562341,20000.0,36.859,-1767.054
1066,1.0,20000.0,87.529,-1752.293
1067,1.778279,20000.0,232.928,-1724.696
1068,3.162278,20000.0,678.133,-1664.214
1069,5.623413,20000.0,2066.15,-1540.086
1070,10.0,20000.0,6364.027,-1297.843
1071,17.78279,20000.0,19138.29,-838.198
1072,31.62278,20000.0,57040.95,-55.65
1073,56.23413,20000.0,165990.6,1258.974
1074,100.0,20000.0,472967.8,3408.373
1075,177.8279,20000.0,1323868.0,6770.003
1076,316.2278,20000.0,3653760.0,12114.1
1077,562.3413,20000.0,9979271.0,20426.35
1078,1000.0,20000.0,2.700564E7,33115.61
1079,1.0E-10,30000.0,1.528626E-8,-426.904
1080,2.0E-10,30000.0,2.884082E-8,-622.145
1081,3.0E-10,30000.0,4.194831E-8,-720.824
1082,4.0E-10,30000.0,5.484783E-8,-781.884
1083,5.0E-10,30000.0,6.762946E-8,-823.834
1084,6.0E-10,30000.0,8.033655E-8,-854.6006
1085,7.0E-10,30000.0,9.299307E-8,-878.203
1086,8.0E-10,30000.0,1.056135E-7,-896.9199
1087,9.0E-10,30000.0,1.182072E-7,-912.146
1088,1.0E-9,30000.0,1.307806E-7,-924.7859
1089,2.0E-9,30000.0,2.559783E-7,-987.66
1090,3.0E-9,30000.0,3.808159E-7,-1011.278
1091,4.0E-9,30000.0,5.055361E-7,-1023.713
1092,5.0E-9,30000.0,6.301987E-7,-1031.406
1093,6.0E-9,30000.0,7.548257E-7,-1036.646
1094,7.0E-9,30000.0,8.79427E-7,-1040.451
1095,8.0E-9,30000.0,1.004008E-6,-1043.344
1096,9.0E-9,30000.0,1.128571E-6,-1045.623
1097,1.0E-8,30000.0,1.253119E-6,-1047.468
1098,2.0E-8,30000.0,2.49788E-6,-1056.191
1099,3.0E-8,30000.0,3.741468E-6,-1059.514
1100,4.0E-8,30000.0,4.983934E-6,-1061.462
1101,5.0E-8,30000.0,6.225927E-6,-1061.714
1102,6.0E-8,30000.0,7.467614E-6,-1061.965
1103,7.0E-8,30000.0,8.708989E-6,-1062.215
1104,8.0E-8,30000.0,9.950045E-6,-1062.465
1105,9.0E-8,30000.0,1.119078E-5,-1062.714
1106,1.0E-7,30000.0,1.243117E-5,-1062.962
1107,2.0E-7,30000.0,2.481543E-5,-1065.405
1108,3.0E-7,30000.0,3.715912E-5,-1067.79
1109,4.0E-7,30000.0,4.945446E-5,-1070.152
1110,5.0E-7,30000.0,6.169084E-5,-1072.703
1111,6.0E-7,30000.0,7.386386E-5,-1075.409
1112,7.0E-7,30000.0,8.597394E-5,-1078.155
1113,8.0E-7,30000.0,9.802491E-5,-1080.906
1114,9.0E-7,30000.0,1.1002E-4,-1083.646
1115,1.0E-6,30000.0,1.21961E-4,-1086.349
1116,2.0E-6,30000.0,2.393418E-4,-1111.36
1117,3.0E-6,30000.0,3.531156E-4,-1132.556
1118,4.0E-6,30000.0,4.641378E-4,-1150.677
1119,5.0E-6,30000.0,5.728653E-4,-1166.507
1120,6.0E-6,30000.0,6.796569E-4,-1180.591
1121,7.0E-6,30000.0,7.847403E-4,-1193.254
1122,8.0E-6,30000.0,8.883228E-4,-1204.789
1123,9.0E-6,30000.0,9.905712E-4,-1215.412
1124,1.0E-5,30000.0,0.001091597,-1225.234
1125,2.0E-5,30000.0,0.002053054,-1295.842
1126,3.0E-5,30000.0,0.002957047,-1340.311
1127,4.0E-5,30000.0,0.003825446,-1372.172
1128,5.0E-5,30000.0,0.004669411,-1396.871
1129,6.0E-5,30000.0,0.005494493,-1416.589
1130,7.0E-5,30000.0,0.006305407,-1433.082
1131,8.0E-5,30000.0,0.007104584,-1447.103
1132,9.0E-5,30000.0,0.007893704,-1459.116
1133,1.0E-4,30000.0,0.008674473,-1469.601
1134,2.0E-4,30000.0,0.01619967,-1533.108
1135,3.0E-4,30000.0,0.02343774,-1564.913
1136,4.0E-4,30000.0,0.03052992,-1585.178
1137,5.0E-4,30000.0,0.03752595,-1599.395
1138,6.0E-4,30000.0,0.04445314,-1610.304
1139,7.0E-4,30000.0,0.05132519,-1618.875
1140,8.0E-4,30000.0,0.05815523,-1625.874
1141,9.0E-4,30000.0,0.06495345,-1631.829
1142,0.001,30000.0,0.07172369,-1636.927
1143,0.002,30000.0,0.1384818,-1665.324
1144,0.003,30000.0,0.204352,-1678.506
1145,0.004,30000.0,0.2698022,-1686.515
1146,0.005,30000.0,0.3349947,-1692.056
1147,0.006,30000.0,0.4000447,-1696.169
1148,0.007,30000.0,0.46502,-1699.428
1149,0.008,30000.0,0.5299369,-1702.038
1150,0.009,30000.0,0.5948115,-1704.194
1151,0.01,30000.0,0.6596571,-1706.044
1152,0.02,30000.0,1.30923,-1715.956
1153,0.03,30000.0,1.963967,-1720.206
1154,0.04,30000.0,2.625055,-1722.568
1155,0.05,30000.0,3.293293,-1724.083
1156,0.06,30000.0,3.969398,-1725.076
1157,0.07,30000.0,4.653841,-1725.773
1158,0.08,30000.0,5.346197,-1726.242
1159,0.09,30000.0,6.045798,-1726.528
1160,0.1,30000.0,6.752189,-1726.676
1161,0.177828,30000.0,12.77667,-1725.674
1162,0.316228,30000.0,25.349,-1721.722
1163,0.562341,30000.0,51.884,-1714.154
1164,1.0,30000.0,116.107,-1700.396
1165,1.778279,30000.0,286.06,-1672.845
1166,3.162278,30000.0,777.069,-1610.74
1167,5.623413,30000.0,2248.271,-1483.733
1168,10.0,30000.0,6698.546,-1239.065
1169,17.78279,30000.0,19719.92,-777.196
1170,31.62278,30000.0,58105.46,6.795
1171,56.23413,30000.0,167961.5,1323.789
1172,100.0,30000.0,476539.4,3474.975
1173,177.8279,30000.0,1331751.0,6868.191
1174,316.2278,30000.0,3669274.0,12230.95
1175,562.3413,30000.0,9996484.0,20469.68
1176,1000.0,30000.0,2.704022E7,33183.57
1177,1.0E-10,60000.0,3.739054E-8,622.24
1178,2.0E-10,60000.0,7.478069E-8,622.216
1179,3.0E-10,60000.0,1.121704E-7,622.193
1180,4.0E-10,60000.0,1.495597E-7,622.169
1181,5.0E-10,60000.0,1.869486E-7,622.146
1182,6.0E-10,60000.0,2.243371E-7,622.122
1183,7.0E-10,60000.0,2.617253E-7,622.099
1184,8.0E-10,60000.0,2.99113E-7,622.075
1185,9.0E-10,60000.0,3.365003E-7,622.051
1186,1.0E-9,60000.0,3.73887E-7,622.028
1187,2.0E-9,60000.0,7.477335E-7,621.793
1188,3.0E-9,60000.0,1.12154E-6,621.557
1189,4.0E-9,60000.0,1.495305E-6,621.323
1190,5.0E-9,60000.0,1.869029E-6,621.087
1191,6.0E-9,60000.0,2.242714E-6,620.853
1192,7.0E-9,60000.0,2.616358E-6,620.618
1193,8.0E-9,60000.0,2.98996E-6,620.383
1194,9.0E-9,60000.0,3.363523E-6,620.149
1195,1.0E-8,60000.0,3.737046E-6,619.915
1196,2.0E-8,60000.0,7.470054E-6,617.576
1197,3.0E-8,60000.0,1.119904E-5,615.249
1198,4.0E-8,60000.0,1.492406E-5,612.933
1199,5.0E-8,60000.0,1.864512E-5,610.627
1200,6.0E-8,60000.0,2.235852E-5,608.158
1201,7.0E-8,60000.0,2.606329E-5,605.487
1202,8.0E-8,60000.0,2.975949E-5,602.625
1203,9.0E-8,60000.0,3.344714E-5,599.58
1204,1.0E-7,60000.0,3.71263E-5,596.365
1205,2.0E-7,60000.0,7.345926E-5,556.984
1206,3.0E-7,60000.0,1.090013E-4,511.546
1207,4.0E-7,60000.0,1.438674E-4,468.427
1208,5.0E-7,60000.0,1.781919E-4,428.841
1209,6.0E-7,60000.0,2.120824E-4,393.443
1210,7.0E-7,60000.0,2.455855E-4,361.656
1211,8.0E-7,60000.0,2.787236E-4,332.682
1212,9.0E-7,60000.0,3.115212E-4,305.652
1213,1.0E-6,60000.0,3.440025E-4,280.009
1214,2.0E-6,60000.0,6.565346E-4,88.548
1215,3.0E-6,60000.0,9.553992E-4,-29.505
1216,4.0E-6,60000.0,0.001245095,-115.258
1217,5.0E-6,60000.0,0.001528331,-182.562
1218,6.0E-6,60000.0,0.001806668,-236.437
1219,7.0E-6,60000.0,0.002081307,-281.09
1220,8.0E-6,60000.0,0.002353093,-319.033
1221,9.0E-6,60000.0,0.00262242,-351.48
1222,1.0E-5,60000.0,0.002889623,-379.597
1223,2.0E-5,60000.0,0.005489213,-547.949
1224,3.0E-5,60000.0,0.008019912,-629.033
1225,4.0E-5,60000.0,0.01051751,-678.667
1226,5.0E-5,60000.0,0.01299318,-712.427
1227,6.0E-5,60000.0,0.01545384,-737.382
1228,7.0E-5,60000.0,0.01790255,-756.562
1229,8.0E-5,60000.0,0.02034119,-771.842
1230,9.0E-5,60000.0,0.02277149,-784.493
1231,1.0E-4,60000.0,0.02519449,-795.253
1232,2.0E-4,60000.0,0.04912413,-852.6076
1233,3.0E-4,60000.0,0.07264615,-879.3005
1234,4.0E-4,60000.0,0.09584185,-896.7519
1235,5.0E-4,60000.0,0.1187577,-910.2364
1236,6.0E-4,60000.0,0.1414186,-921.3445
1237,7.0E-4,60000.0,0.1638437,-931.0638
1238,8.0E-4,60000.0,0.1860547,-939.6919
1239,9.0E-4,60000.0,0.2080728,-947.4846
1240,0.001,60000.0,0.2299123,-954.6889
1241,0.002,60000.0,0.4404603,-1008.26
1242,0.003,60000.0,0.6408068,-1044.476
1243,0.004,60000.0,0.834109,-1072.042
1244,0.005,60000.0,1.022158,-1094.388
1245,0.006,60000.0,1.204043,-1117.339
1246,0.007,60000.0,1.385651,-1136.194
1247,0.008,60000.0,1.566985,-1152.131
1248,0.009,60000.0,1.748047,-1165.889
1249,0.01,60000.0,1.928841,-1177.964
1250,0.02,60000.0,3.722627,-1252.21
1251,0.03,60000.0,5.492638,-1291.736
1252,0.04,60000.0,7.241679,-1318.166
1253,0.05,60000.0,8.972552,-1337.791
1254,0.06,60000.0,10.68806,-1353.28
1255,0.07,60000.0,12.391,-1366.004
1256,0.08,60000.0,14.08419,-1376.759
1257,0.09,60000.0,15.77041,-1386.044
1258,0.1,60000.0,17.45248,-1394.193
1259,0.177828,60000.0,30.714,-1436.217
1260,0.316228,60000.0,55.725,-1465.073
1261,0.562341,60000.0,105.768,-1485.634
1262,1.0,60000.0,211.122,-1494.15
1263,1.778279,60000.0,456.309,-1481.406
1264,3.162278,60000.0,1082.581,-1430.237
1265,5.623413,60000.0,2797.146,-1311.009
1266,10.0,60000.0,7711.769,-1070.886
1267,17.78279,60000.0,21462.83,-610.413
1268,31.62278,60000.0,61196.79,172.17
1269,56.23413,60000.0,173525.7,1493.309
1270,100.0,60000.0,486487.3,3647.969
1271,177.8279,60000.0,1349565.0,7048.465
1272,316.2278,60000.0,3701496.0,12420.03
1273,562.3413,60000.0,1.006278E7,20720.21
1274,1000.0,60000.0,2.715664E7,33420.54
1275,1.0E-10,100000.0,6.231791E-8,996.171
1276,2.0E-10,100000.0,1.246358E-7,996.171
1277,3.0E-10,100000.0,1.869537E-7,996.17
1278,4.0E-10,100000.0,2.492715E-7,996.17
1279,5.0E-10,100000.0,3.115894E-7,996.17
1280,6.0E-10,100000.0,3.739072E-7,996.17
1281,7.0E-10,100000.0,4.36225E-7,996.17
1282,8.0E-10,100000.0,4.985429E-7,996.17
1283,9.0E-10,100000.0,5.608606E-7,996.17
1284,1.0E-9,100000.0,6.231782E-7,996.169
1285,2.0E-9,100000.0,1.246356E-6,996.168
1286,3.0E-9,100000.0,1.869531E-6,996.167
1287,4.0E-9,100000.0,2.492706E-6,996.165
1288,5.0E-9,100000.0,3.115878E-6,996.164
1289,6.0E-9,100000.0,3.73905E-6,996.162
1290,7.0E-9,100000.0,4.362221E-6,996.161
1291,8.0E-9,100000.0,4.98539E-6,996.159
1292,9.0E-9,100000.0,5.608558E-6,996.158
1293,1.0E-8,100000.0,6.231724E-6,996.156
1294,2.0E-8,100000.0,1.246332E-5,996.142
1295,3.0E-8,100000.0,1.869477E-5,996.127
1296,4.0E-8,100000.0,2.492609E-5,996.11
1297,5.0E-8,100000.0,3.115728E-5,996.092
1298,6.0E-8,100000.0,3.738834E-5,996.073
1299,7.0E-8,100000.0,4.361925E-5,996.053
1300,8.0E-8,100000.0,4.985004E-5,996.033
1301,9.0E-8,100000.0,5.608068E-5,996.011
1302,1.0E-7,100000.0,6.23112E-5,995.989
1303,2.0E-7,100000.0,1.24609E-4,995.724
1304,3.0E-7,100000.0,1.868934E-4,995.385
1305,4.0E-7,100000.0,2.491644E-4,994.977
1306,5.0E-7,100000.0,3.114221E-4,994.506
1307,6.0E-7,100000.0,3.736664E-4,993.978
1308,7.0E-7,100000.0,4.358974E-4,993.4
1309,8.0E-7,100000.0,4.98115E-4,992.777
1310,9.0E-7,100000.0,5.603193E-4,992.114
1311,1.0E-6,100000.0,6.225102E-4,991.419
1312,2.0E-6,100000.0,0.001243691,983.96
1313,3.0E-6,100000.0,0.001863553,978.36
1314,4.0E-6,100000.0,0.002482108,973.79
1315,5.0E-6,100000.0,0.003099368,968.809
1316,6.0E-6,100000.0,0.003715344,963.408
1317,7.0E-6,100000.0,0.004330048,958.24
1318,8.0E-6,100000.0,0.004943488,953.632
1319,9.0E-6,100000.0,0.005555678,949.485
1320,1.0E-5,100000.0,0.006166627,945.677
1321,2.0E-5,100000.0,0.0122101,912.968
1322,3.0E-5,100000.0,0.01816102,881.734
1323,4.0E-5,100000.0,0.02403284,853.826
1324,5.0E-5,100000.0,0.02983151,828.131
1325,6.0E-5,100000.0,0.03556301,803.619
1326,7.0E-5,100000.0,0.04123329,780.238
1327,8.0E-5,100000.0,0.04684832,757.984
1328,9.0E-5,100000.0,0.05241408,736.795
1329,1.0E-4,100000.0,0.05793651,716.645
1330,2.0E-4,100000.0,0.1113127,555.881
1331,3.0E-4,100000.0,0.1621722,441.263
1332,4.0E-4,100000.0,0.2113462,353.192
1333,5.0E-4,100000.0,0.2592757,282.395
1334,6.0E-4,100000.0,0.3062479,223.569
1335,7.0E-4,100000.0,0.352449,173.479
1336,8.0E-4,100000.0,0.3979975,130.522
1337,9.0E-4,100000.0,0.4430069,92.939
1338,0.001,100000.0,0.487568,59.299
1339,0.002,100000.0,0.9158363,-150.919
1340,0.003,100000.0,1.325254,-260.771
1341,0.004,100000.0,1.723721,-331.956
1342,0.005,100000.0,2.114111,-383.795
1343,0.006,100000.0,2.497994,-422.235
1344,0.007,100000.0,2.876431,-453.945
1345,0.008,100000.0,3.25026,-480.84
1346,0.009,100000.0,3.619994,-504.131
1347,0.01,100000.0,3.986016,-524.628
1348,0.02,100000.0,7.497864,-651.868
1349,0.03,100000.0,10.81795,-720.527
1350,0.04,100000.0,14.10749,-766.828
1351,0.05,100000.0,17.40385,-801.422
1352,0.06,100000.0,20.70708,-828.861
1353,0.07,100000.0,24.01721,-851.495
1354,0.08,100000.0,27.33429,-870.6929
1355,0.09,100000.0,30.65835,-887.3179
1356,0.1,100000.0,33.98944,-901.9484
1357,0.177828,100000.0,60.15947,-978.0176
1358,0.316228,100000.0,107.8154,-1047.938
1359,0.562341,100000.0,196.398,-1112.206
1360,1.0,100000.0,368.076,-1158.223
1361,1.778279,100000.0,728.181,-1178.938
1362,3.162278,100000.0,1554.348,-1157.103
1363,5.623413,100000.0,3618.484,-1062.51
1364,10.0,100000.0,9030.28,-835.707
1365,17.78279,100000.0,23880.32,-391.036
1366,31.62278,100000.0,65367.84,384.613
1367,56.23413,100000.0,180738.0,1702.443
1368,100.0,100000.0,499218.0,3859.601
1369,177.8279,100000.0,1372393.0,7267.257
1370,316.2278,100000.0,3741185.0,12639.66
1371,562.3413,100000.0,1.013362E7,20947.8
1372,1000.0,100000.0,2.728516E7,33659.79
1373,1.0E-10,200000.0,1.246358E-7,1930.94
1374,2.0E-10,200000.0,2.492716E-7,1930.94
1375,3.0E-10,200000.0,3.739074E-7,1930.94
1376,4.0E-10,200000.0,4.985432E-7,1930.94
1377,5.0E-10,200000.0,6.23179E-7,1930.939
1378,6.0E-10,200000.0,7.478147E-7,1930.939
1379,7.0E-10,200000.0,8.724505E-7,1930.939
1380,8.0E-10,200000.0,9.970864E-7,1930.939
1381,9.0E-10,200000.0,1.121722E-6,1930.939
1382,1.0E-9,200000.0,1.246358E-6,1930.939
1383,2.0E-9,200000.0,2.492716E-6,1930.939
1384,3.0E-9,200000.0,3.739071E-6,1930.939
1385,4.0E-9,200000.0,4.985428E-6,1930.939
1386,5.0E-9,200000.0,6.231784E-6,1930.939
1387,6.0E-9,200000.0,7.478138E-6,1930.939
1388,7.0E-9,200000.0,8.724493E-6,1930.939
1389,8.0E-9,200000.0,9.970846E-6,1930.939
1390,9.0E-9,200000.0,1.12172E-5,1930.938
1391,1.0E-8,200000.0,1.246355E-5,1930.938
1392,2.0E-8,200000.0,2.492704E-5,1930.937
1393,3.0E-8,200000.0,3.739047E-5,1930.936
1394,4.0E-8,200000.0,4.985385E-5,1930.934
1395,5.0E-8,200000.0,6.231715E-5,1930.933
1396,6.0E-8,200000.0,7.478042E-5,1930.932
1397,7.0E-8,200000.0,8.724361E-5,1930.93
1398,8.0E-8,200000.0,9.970674E-5,1930.929
1399,9.0E-8,200000.0,1.121698E-4,1930.928
1400,1.0E-7,200000.0,1.246328E-4,1930.926
1401,2.0E-7,200000.0,2.492596E-4,1930.913
1402,3.0E-7,200000.0,3.738806E-4,1930.9
1403,4.0E-7,200000.0,4.984954E-4,1930.884
1404,5.0E-7,200000.0,6.231044E-4,1930.864
1405,6.0E-7,200000.0,7.477073E-4,1930.839
1406,7.0E-7,200000.0,8.723042E-4,1930.809
1407,8.0E-7,200000.0,9.968951E-4,1930.774
1408,9.0E-7,200000.0,0.00112148,1930.735
1409,1.0E-6,200000.0,0.001246059,1930.691
1410,2.0E-6,200000.0,0.002491522,1930.029
1411,3.0E-6,200000.0,0.003736389,1929.025
1412,4.0E-6,200000.0,0.004980664,1927.776
1413,5.0E-6,200000.0,0.006224347,1926.376
1414,6.0E-6,200000.0,0.007467442,1924.922
1415,7.0E-6,200000.0,0.008710201,1923.509
1416,8.0E-6,200000.0,0.009952693,1922.233
1417,9.0E-6,200000.0,0.01119492,1921.189
1418,1.0E-5,200000.0,0.01243689,1920.474
1419,2.0E-5,200000.0,0.02484268,1915.565
1420,3.0E-5,200000.0,0.03722497,1911.136
1421,4.0E-5,200000.0,0.04958624,1907.773
1422,5.0E-5,200000.0,0.06192893,1905.362
1423,6.0E-5,200000.0,0.07425549,1902.928
1424,7.0E-5,200000.0,0.0865684,1900.323
1425,8.0E-5,200000.0,0.09887011,1897.685
1426,9.0E-5,200000.0,0.1111613,1895.134
1427,1.0E-4,200000.0,0.1234382,1892.698
1428,2.0E-4,200000.0,0.2457351,1873.404
1429,3.0E-4,200000.0,0.3673353,1858.402
1430,4.0E-4,200000.0,0.4881957,1845.008
1431,5.0E-4,200000.0,0.60841,1832.67
1432,6.0E-4,200000.0,0.7281362,1821.133
1433,7.0E-4,200000.0,0.8474182,1810.244
1434,8.0E-4,200000.0,0.9662486,1799.893
1435,9.0E-4,200000.0,1.084621,1789.978
1436,0.001,200000.0,1.202548,1780.44
1437,0.002,200000.0,2.361701,1700.372
1438,0.003,200000.0,3.491617,1636.441
1439,0.004,200000.0,4.598405,1581.826
1440,0.005,200000.0,5.68593,1534.044
1441,0.006,200000.0,6.756835,1491.372
1442,0.007,200000.0,7.813178,1452.583
1443,0.008,200000.0,8.856294,1417.092
1444,0.009,200000.0,9.887479,1384.35
1445,0.01,200000.0,10.90796,1353.842
1446,0.02,200000.0,20.66498,1127.803
1447,0.03,200000.0,29.86239,979.339
1448,0.04,200000.0,38.68311,870.272
1449,0.05,200000.0,47.22792,782.897
1450,0.06,200000.0,55.55024,710.084
1451,0.07,200000.0,63.68612,648.558
1452,0.08,200000.0,71.66723,595.399
1453,0.09,200000.0,79.50934,549.001
1454,0.1,200000.0,87.22465,508.058
1455,0.177828,200000.0,148.3018,274.3
1456,0.316228,200000.0,259.1929,54.251
1457,0.562341,200000.0,463.2718,-96.526
1458,1.0,200000.0,846.142,-231.632
1459,1.778279,200000.0,1576.028,-337.098
1460,3.162278,200000.0,3022.779,-359.771
1461,5.623413,200000.0,6073.414,-335.27
1462,10.0,200000.0,13073.1,-178.87
1463,17.78279,200000.0,30709.09,197.415
1464,31.62278,200000.0,76751.85,929.269
1465,56.23413,200000.0,199783.2,2212.724
1466,100.0,200000.0,530892.2,4370.883
1467,177.8279,200000.0,1427213.0,7775.386
1468,316.2278,200000.0,3836931.0,13148.4
1469,562.3413,200000.0,1.030277E7,21467.46
1470,1000.0,200000.0,2.758201E7,34186.19
1471,1.0E-10,300000.0,1.869537E-7,2865.708
1472,2.0E-10,300000.0,3.739074E-7,2865.708
1473,3.0E-10,300000.0,5.608611E-7,2865.708
1474,4.0E-10,300000.0,7.478149E-7,2865.708
1475,5.0E-10,300000.0,9.347685E-7,2865.708
1476,6.0E-10,300000.0,1.121722E-6,2865.708
1477,7.0E-10,300000.0,1.308676E-6,2865.708
1478,8.0E-10,300000.0,1.49563E-6,2865.708
1479,9.0E-10,300000.0,1.682584E-6,2865.708
1480,1.0E-9,300000.0,1.869537E-6,2865.708
1481,2.0E-9,300000.0,3.739074E-6,2865.708
1482,3.0E-9,300000.0,5.608609E-6,2865.708
1483,4.0E-9,300000.0,7.478145E-6,2865.707
1484,5.0E-9,300000.0,9.34768E-6,2865.707
1485,6.0E-9,300000.0,1.121721E-5,2865.707
1486,7.0E-9,300000.0,1.308674E-5,2865.707
1487,8.0E-9,300000.0,1.495629E-5,2865.707
1488,9.0E-9,300000.0,1.682581E-5,2865.707
1489,1.0E-8,300000.0,1.869534E-5,2865.706
1490,2.0E-8,300000.0,3.739066E-5,2865.705
1491,3.0E-8,300000.0,5.608591E-5,2865.703
1492,4.0E-8,300000.0,7.478112E-5,2865.701
1493,5.0E-8,300000.0,9.347627E-5,2865.699
1494,6.0E-8,300000.0,1.121714E-4,2865.698
1495,7.0E-8,300000.0,1.308664E-4,2865.696
1496,8.0E-8,300000.0,1.495614E-4,2865.694
1497,9.0E-8,300000.0,1.682565E-4,2865.692
1498,1.0E-7,300000.0,1.869514E-4,2865.691
1499,2.0E-7,300000.0,3.73898E-4,2865.673
1500,3.0E-7,300000.0,5.608399E-4,2865.656
1501,4.0E-7,300000.0,7.477772E-4,2865.638
1502,5.0E-7,300000.0,9.347097E-4,2865.621
1503,6.0E-7,300000.0,0.001121638,2865.603
1504,7.0E-7,300000.0,0.001308561,2865.586
1505,8.0E-7,300000.0,0.001495479,2865.568
1506,9.0E-7,300000.0,0.001682392,2865.551
1507,1.0E-6,300000.0,0.001869302,2865.533
1508,2.0E-6,300000.0,0.003738132,2865.359
1509,3.0E-6,300000.0,0.005606492,2865.184
1510,4.0E-6,300000.0,0.007474384,2865.011
1511,5.0E-6,300000.0,0.009341806,2864.836
1512,6.0E-6,300000.0,0.01120876,2864.662
1513,7.0E-6,300000.0,0.01307546,2864.489
1514,8.0E-6,300000.0,0.01494195,2864.316
1515,9.0E-6,300000.0,0.01680825,2864.143
1516,1.0E-5,300000.0,0.01867434,2863.969
1517,2.0E-5,300000.0,0.03732488,2862.249
1518,3.0E-5,300000.0,0.05595776,2860.546
1519,4.0E-5,300000.0,0.07457485,2858.862
1520,5.0E-5,300000.0,0.09317803,2857.194
1521,6.0E-5,300000.0,0.1117692,2855.544
1522,7.0E-5,300000.0,0.1303502,2853.91
1523,8.0E-5,300000.0,0.1489229,2852.293
1524,9.0E-5,300000.0,0.1674892,2850.692
1525,1.0E-4,300000.0,0.1860503,2849.107
1526,2.0E-4,300000.0,0.3713128,2834.481
1527,3.0E-4,300000.0,0.5560152,2821.933
1528,4.0E-4,300000.0,0.7402313,2811.212
1529,5.0E-4,300000.0,0.924065,2802.065
1530,6.0E-4,300000.0,1.107567,2794.241
1531,7.0E-4,300000.0,1.290767,2787.489
1532,8.0E-4,300000.0,1.473671,2781.557
1533,9.0E-4,300000.0,1.65629,2776.193
1534,0.001,300000.0,1.838638,2771.146
1535,0.002,300000.0,3.648473,2725.66
1536,0.003,300000.0,5.438545,2689.928
1537,0.004,300000.0,7.212678,2658.476
1538,0.005,300000.0,8.972124,2630.506
1539,0.006,300000.0,10.7183,2604.943
1540,0.007,300000.0,12.45251,2581.056
1541,0.008,300000.0,14.17567,2558.609
1542,0.009,300000.0,15.88872,2537.392
1543,0.01,300000.0,17.59251,2517.205
1544,0.02,300000.0,34.19281,2354.528
1545,0.03,300000.0,50.17838,2232.832
1546,0.04,300000.0,65.71173,2134.633
1547,0.05,300000.0,80.87845,2050.835
1548,0.06,300000.0,95.73441,1977.566
1549,0.07,300000.0,110.3266,1912.561
1550,0.08,300000.0,124.6923,1854.068
1551,0.09,300000.0,138.8535,1801.232
1552,0.1,300000.0,152.8306,1753.219
1553,0.177828,300000.0,262.2028,1517.548
1554,0.316228,300000.0,457.5853,1297.322
1555,0.562341,300000.0,807.7374,1091.528
1556,1.0,300000.0,1438.411,899.22
1557,1.778279,300000.0,2582.07,719.514
1558,3.162278,300000.0,4668.071,551.585
1559,5.623413,300000.0,8914.388,494.728
1560,10.0,300000.0,18014.32,540.862
1561,17.78279,300000.0,38767.26,734.316
1562,31.62278,300000.0,89524.58,1343.975
1563,56.23413,300000.0,220211.1,2780.697
1564,100.0,300000.0,564592.6,4868.623
1565,177.8279,300000.0,1482954.0,8279.28
1566,316.2278,300000.0,3933572.0,13652.08
1567,562.3413,300000.0,1.047057E7,21969.15
1568,1000.0,300000.0,2.78763E7,34691.9
1569,1.0E-10,600000.0,3.739074E-7,5670.014
1570,2.0E-10,600000.0,7.478147E-7,5670.014
1571,3.0E-10,600000.0,1.121722E-6,5670.014
1572,4.0E-10,600000.0,1.49563E-6,5670.014
1573,5.0E-10,600000.0,1.869537E-6,5670.014
1574,6.0E-10,600000.0,2.243445E-6,5670.014
1575,7.0E-10,600000.0,2.617352E-6,5670.014
1576,8.0E-10,600000.0,2.99126E-6,5670.014
1577,9.0E-10,600000.0,3.365167E-6,5670.014
1578,1.0E-9,600000.0,3.739074E-6,5670.014
1579,2.0E-9,600000.0,7.478147E-6,5670.014
1580,3.0E-9,600000.0,1.121722E-5,5670.014
1581,4.0E-9,600000.0,1.495629E-5,5670.013
1582,5.0E-9,600000.0,1.869537E-5,5670.013
1583,6.0E-9,600000.0,2.243444E-5,5670.013
1584,7.0E-9,600000.0,2.617351E-5,5670.013
1585,8.0E-9,600000.0,2.991258E-5,5670.013
1586,9.0E-9,600000.0,3.365166E-5,5670.012
1587,1.0E-8,600000.0,3.739072E-5,5670.012
1588,2.0E-8,600000.0,7.478143E-5,5670.01
1589,3.0E-8,600000.0,1.121721E-4,5670.009
1590,4.0E-8,600000.0,1.495627E-4,5670.007
1591,5.0E-8,600000.0,1.869534E-4,5670.005
1592,6.0E-8,600000.0,2.243439E-4,5670.003
1593,7.0E-8,600000.0,2.617344E-4,5670.001
1594,8.0E-8,600000.0,2.991249E-4,5670.0
1595,9.0E-8,600000.0,3.365154E-4,5669.998
1596,1.0E-7,600000.0,3.739058E-4,5669.996
1597,2.0E-7,600000.0,7.478085E-4,5669.978
1598,3.0E-7,600000.0,0.001121707,5669.96
1599,4.0E-7,600000.0,0.001495603,5669.942
1600,5.0E-7,600000.0,0.001869496,5669.924
1601,6.0E-7,600000.0,0.002243386,5669.906
1602,7.0E-7,600000.0,0.002617273,5669.888
1603,8.0E-7,600000.0,0.002991156,5669.87
1604,9.0E-7,600000.0,0.003365035,5669.851
1605,1.0E-6,600000.0,0.003738912,5669.833
1606,2.0E-6,600000.0,0.007477497,5669.653
1607,3.0E-6,600000.0,0.01121576,5669.473
1608,4.0E-6,600000.0,0.01495357,5669.293
1609,5.0E-6,600000.0,0.01869092,5669.112
1610,6.0E-6,600000.0,0.02242786,5668.932
1611,7.0E-6,600000.0,0.02616442,5668.752
1612,8.0E-6,600000.0,0.02990065,5668.572
1613,9.0E-6,600000.0,0.03363659,5668.392
1614,1.0E-5,600000.0,0.03737228,5668.212
1615,2.0E-5,600000.0,0.07472013,5666.417
1616,3.0E-5,600000.0,0.1120591,5664.628
1617,4.0E-5,600000.0,0.14939,5662.874
1618,5.0E-5,600000.0,0.1867155,5661.181
1619,6.0E-5,600000.0,0.2240376,5659.549
1620,7.0E-5,600000.0,0.2613579,5657.979
1621,8.0E-5,600000.0,0.2986766,5656.469
1622,9.0E-5,600000.0,0.3359921,5655.021
1623,1.0E-4,600000.0,0.3733029,5653.634
1624,2.0E-4,600000.0,0.7460493,5643.205
1625,3.0E-4,600000.0,1.11838,5636.827
1626,4.0E-4,600000.0,1.490534,5631.336
1627,5.0E-4,600000.0,1.862435,5626.563
1628,6.0E-4,600000.0,2.234083,5622.42
1629,7.0E-4,600000.0,2.60552,5618.74
1630,8.0E-4,600000.0,2.97678,5615.392
1631,9.0E-4,600000.0,3.347881,5612.314
1632,0.001,600000.0,3.718842,5609.449
1633,0.002,600000.0,7.421191,5584.544
1634,0.003,600000.0,11.10914,5561.37
1635,0.004,600000.0,14.78626,5543.311
1636,0.005,600000.0,18.45599,5527.851
1637,0.006,600000.0,22.11907,5513.666
1638,0.007,600000.0,25.77489,5500.416
1639,0.008,600000.0,29.42319,5487.843
1640,0.009,600000.0,33.0644,5475.877
1641,0.01,600000.0,36.69904,5464.482
1642,0.02,600000.0,72.75635,5371.934
1643,0.03,600000.0,108.3847,5297.642
1644,0.04,600000.0,143.637,5234.48
1645,0.05,600000.0,178.5731,5178.415
1646,0.06,600000.0,213.2328,5127.196
1647,0.07,600000.0,247.6371,5080.0
1648,0.08,600000.0,281.8055,5036.103
1649,0.09,600000.0,315.7526,4995.035
1650,0.1,600000.0,349.4915,4956.407
1651,0.177828,600000.0,606.0703,4708.233
1652,0.316228,600000.0,1043.913,4394.081
1653,0.562341,600000.0,1818.431,4120.857
1654,1.0,600000.0,3210.827,3843.196
1655,1.778279,600000.0,5722.393,3599.975
1656,3.162278,600000.0,10232.35,3533.568
1657,5.623413,600000.0,18251.63,3444.075
1658,10.0,600000.0,33510.18,3389.758
1659,17.78279,600000.0,64471.54,3443.399
1660,31.62278,600000.0,132451.9,3830.502
1661,56.23413,600000.0,291242.0,4741.102
1662,100.0,600000.0,678004.3,6632.773
1663,177.8279,600000.0,1666351.0,9904.49
1664,316.2278,600000.0,4233875.0,15173.51
1665,562.3413,600000.0,1.097676E7,23436.67
1666,1000.0,600000.0,2.874772E7,36138.62
1667,1.0E-10,1000000.0,6.23179E-7,9409.09
1668,2.0E-10,1000000.0,1.246358E-6,9409.09
1669,3.0E-10,1000000.0,1.869537E-6,9409.09
1670,4.0E-10,1000000.0,2.492717E-6,9409.09
1671,5.0E-10,1000000.0,3.115895E-6,9409.09
1672,6.0E-10,1000000.0,3.739075E-6,9409.09
1673,7.0E-10,1000000.0,4.362254E-6,9409.09
1674,8.0E-10,1000000.0,4.985432E-6,9409.09
1675,9.0E-10,1000000.0,5.608612E-6,9409.09
1676,1.0E-9,1000000.0,6.231791E-6,9409.09
1677,2.0E-9,1000000.0,1.246358E-5,9409.09
1678,3.0E-9,1000000.0,1.869537E-5,9409.09
1679,4.0E-9,1000000.0,2.492716E-5,9409.09
1680,5.0E-9,1000000.0,3.115895E-5,9409.09
1681,6.0E-9,1000000.0,3.739074E-5,9409.09
1682,7.0E-9,1000000.0,4.362253E-5,9409.09
1683,8.0E-9,1000000.0,4.985432E-5,9409.09
1684,9.0E-9,1000000.0,5.60861E-5,9409.09
1685,1.0E-8,1000000.0,6.23179E-5,9409.09
1686,2.0E-8,1000000.0,1.246357E-4,9409.09
1687,3.0E-8,1000000.0,1.869536E-4,9409.08
1688,4.0E-8,1000000.0,2.492715E-4,9409.08
1689,5.0E-8,1000000.0,3.115892E-4,9409.08
1690,6.0E-8,1000000.0,3.73907E-4,9409.08
1691,7.0E-8,1000000.0,4.362247E-4,9409.08
1692,8.0E-8,1000000.0,4.985425E-4,9409.08
1693,9.0E-8,1000000.0,5.608602E-4,9409.07
1694,1.0E-7,1000000.0,6.231779E-4,9409.07
1695,2.0E-7,1000000.0,0.001246354,9409.06
1696,3.0E-7,1000000.0,0.001869526,9409.04
1697,4.0E-7,1000000.0,0.002492696,9409.03
1698,5.0E-7,1000000.0,0.003115864,9409.01
1699,6.0E-7,1000000.0,0.003739029,9408.99
1700,7.0E-7,1000000.0,0.004362192,9408.98
1701,8.0E-7,1000000.0,0.004985353,9408.96
1702,9.0E-7,1000000.0,0.005608511,9408.95
1703,1.0E-6,1000000.0,0.006231665,9408.93
1704,2.0E-6,1000000.0,0.01246309,9408.77
1705,3.0E-6,1000000.0,0.01869425,9408.61
1706,4.0E-6,1000000.0,0.02492516,9408.46
1707,5.0E-6,1000000.0,0.03115583,9408.3
1708,6.0E-6,1000000.0,0.03738638,9408.14
1709,7.0E-6,1000000.0,0.04361686,9407.98
1710,8.0E-6,1000000.0,0.04984725,9407.82
1711,9.0E-6,1000000.0,0.05607755,9407.67
1712,1.0E-5,1000000.0,0.06230778,9407.51
1713,2.0E-5,1000000.0,0.1246056,9405.94
1714,3.0E-5,1000000.0,0.1868952,9404.36
1715,4.0E-5,1000000.0,0.2491769,9402.79
1716,5.0E-5,1000000.0,0.3114507,9401.22
1717,6.0E-5,1000000.0,0.3737167,9399.68
1718,7.0E-5,1000000.0,0.4359751,9398.22
1719,8.0E-5,1000000.0,0.4982258,9396.92
1720,9.0E-5,1000000.0,0.560469,9395.82
1721,1.0E-4,1000000.0,0.6227053,9394.97
1722,2.0E-4,1000000.0,1.244897,9389.02
1723,3.0E-4,1000000.0,1.86699,9383.67
1724,4.0E-4,1000000.0,2.488846,9380.32
1725,5.0E-4,1000000.0,3.110378,9376.67
1726,6.0E-4,1000000.0,3.73172,9372.93
1727,7.0E-4,1000000.0,4.352962,9369.79
1728,8.0E-4,1000000.0,4.974116,9367.33
1729,9.0E-4,1000000.0,5.595188,9365.35
1730,0.001,1000000.0,6.216192,9363.58
1731,0.002,1000000.0,12.41996,9344.87
1732,0.003,1000000.0,18.61335,9327.49
1733,0.004,1000000.0,24.80087,9313.47
1734,0.005,1000000.0,30.98013,9302.28
1735,0.006,1000000.0,37.1534,9292.36
1736,0.007,1000000.0,43.32259,9282.78
1737,0.008,1000000.0,49.48756,9273.42
1738,0.009,1000000.0,55.64764,9264.47
1739,0.01,1000000.0,61.80236,9256.04
1740,0.02,1000000.0,123.1214,9189.21
1741,0.03,1000000.0,184.1314,9135.79
1742,0.04,1000000.0,244.8618,9091.45
1743,0.05,1000000.0,305.3345,9050.45
1744,0.06,1000000.0,365.5803,9012.11
1745,0.07,1000000.0,425.6307,8976.83
1746,0.08,1000000.0,485.5013,8944.27
1747,0.09,1000000.0,545.1979,8913.85
1748,0.1,1000000.0,604.7263,8885.03
1749,0.177828,1000000.0,1062.719,8691.48
1750,0.316228,1000000.0,1859.311,8429.98
1751,0.562341,1000000.0,3268.039,8090.352
1752,1.0,1000000.0,5775.124,7791.82
1753,1.778279,1000000.0,10234.74,7563.74
1754,3.162278,1000000.0,18141.9,7466.132
1755,5.623413,1000000.0,32097.67,7301.037
1756,10.0,1000000.0,57341.21,7115.644
1757,17.78279,1000000.0,105021.7,7006.168
1758,31.62278,1000000.0,198561.5,7167.69
1759,56.23413,1000000.0,396936.3,7859.764
1760,100.0,1000000.0,856862.1,9433.48
1761,177.8279,1000000.0,1945909.0,12416.92
1762,316.2278,1000000.0,4682299.0,17392.04
1763,562.3413,1000000.0,1.169448E7,25573.71
1764,1000.0,1000000.0,2.993518E7,38212.55
1765,1.0E-10,2000000.0,1.246358E-6,18756.77
1766,2.0E-10,2000000.0,2.492716E-6,18756.77
1767,3.0E-10,2000000.0,3.739075E-6,18756.77
1768,4.0E-10,2000000.0,4.985434E-6,18756.77
1769,5.0E-10,2000000.0,6.231791E-6,18756.77
1770,6.0E-10,2000000.0,7.478149E-6,18756.77
1771,7.0E-10,2000000.0,8.724507E-6,18756.77
1772,8.0E-10,2000000.0,9.970865E-6,18756.77
1773,9.0E-10,2000000.0,1.121722E-5,18756.77
1774,1.0E-9,2000000.0,1.246358E-5,18756.77
1775,2.0E-9,2000000.0,2.492717E-5,18756.77
1776,3.0E-9,2000000.0,3.739074E-5,18756.77
1777,4.0E-9,2000000.0,4.985433E-5,18756.77
1778,5.0E-9,2000000.0,6.23179E-5,18756.77
1779,6.0E-9,2000000.0,7.478148E-5,18756.77
1780,7.0E-9,2000000.0,8.724507E-5,18756.77
1781,8.0E-9,2000000.0,9.970865E-5,18756.77
1782,9.0E-9,2000000.0,1.121722E-4,18756.77
1783,1.0E-8,2000000.0,1.246358E-4,18756.77
1784,2.0E-8,2000000.0,2.492716E-4,18756.77
1785,3.0E-8,2000000.0,3.739074E-4,18756.77
1786,4.0E-8,2000000.0,4.985431E-4,18756.77
1787,5.0E-8,2000000.0,6.231789E-4,18756.77
1788,6.0E-8,2000000.0,7.478145E-4,18756.77
1789,7.0E-8,2000000.0,8.724503E-4,18756.77
1790,8.0E-8,2000000.0,9.970863E-4,18756.77
1791,9.0E-8,2000000.0,0.001121722,18756.76
1792,1.0E-7,2000000.0,0.001246358,18756.76
1793,2.0E-7,2000000.0,0.002492713,18756.75
1794,3.0E-7,2000000.0,0.003739066,18756.74
1795,4.0E-7,2000000.0,0.004985419,18756.73
1796,5.0E-7,2000000.0,0.006231769,18756.71
1797,6.0E-7,2000000.0,0.007478117,18756.7
1798,7.0E-7,2000000.0,0.008724464,18756.69
1799,8.0E-7,2000000.0,0.009970809,18756.68
1800,9.0E-7,2000000.0,0.01121715,18756.67
1801,1.0E-6,2000000.0,0.01246349,18756.65
1802,2.0E-6,2000000.0,0.02492687,18756.53
1803,3.0E-6,2000000.0,0.03739019,18756.41
1804,4.0E-6,2000000.0,0.04985346,18756.29
1805,5.0E-6,2000000.0,0.06231668,18756.17
1806,6.0E-6,2000000.0,0.07477985,18756.05
1807,7.0E-6,2000000.0,0.08724298,18755.92
1808,8.0E-6,2000000.0,0.09970606,18755.8
1809,9.0E-6,2000000.0,0.1121691,18755.68
1810,1.0E-5,2000000.0,0.1246321,18755.56
1811,2.0E-5,2000000.0,0.2492585,18754.39
1812,3.0E-5,2000000.0,0.3738785,18753.28
1813,4.0E-5,2000000.0,0.4984925,18752.24
1814,5.0E-5,2000000.0,0.6231007,18751.29
1815,6.0E-5,2000000.0,0.7477036,18750.43
1816,7.0E-5,2000000.0,0.8723017,18749.68
1817,8.0E-5,2000000.0,0.9968953,18749.05
1818,9.0E-5,2000000.0,1.121485,18748.55
1819,1.0E-4,2000000.0,1.24607,18748.18
1820,2.0E-4,2000000.0,2.491809,18745.32
1821,3.0E-4,2000000.0,3.737406,18742.6
1822,4.0E-4,2000000.0,4.982807,18740.01
1823,5.0E-4,2000000.0,6.228035,18737.54
1824,6.0E-4,2000000.0,7.473151,18735.2
1825,7.0E-4,2000000.0,8.718204,18732.98
1826,8.0E-4,2000000.0,9.963195,18730.87
1827,9.0E-4,2000000.0,11.20812,18728.87
1828,0.001,2000000.0,12.45299,18726.96
1829,0.002,2000000.0,24.89851,18712.3
1830,0.003,2000000.0,37.33731,18700.95
1831,0.004,2000000.0,49.76932,18692.46
1832,0.005,2000000.0,62.19645,18684.01
1833,0.006,2000000.0,74.62176,18675.57
1834,0.007,2000000.0,87.04264,18668.01
1835,0.008,2000000.0,99.4608,18661.56
1836,0.009,2000000.0,111.8764,18655.91
1837,0.01,2000000.0,124.2881,18650.7
1838,0.02,2000000.0,248.2743,18608.02
1839,0.03,2000000.0,371.9599,18567.74
1840,0.04,2000000.0,495.4723,18536.21
1841,0.05,2000000.0,618.8648,18510.76
1842,0.06,2000000.0,742.151,18485.77
1843,0.07,2000000.0,865.2754,18461.29
1844,0.08,2000000.0,988.2359,18438.48
1845,0.09,2000000.0,1111.058,18417.54
1846,0.1,2000000.0,1233.744,18398.04
1847,0.177828,2000000.0,2185.033,18267.86
1848,0.316228,2000000.0,3865.312,18114.42
1849,0.562341,2000000.0,6843.366,17895.0
1850,1.0,2000000.0,12113.07,17644.39
1851,1.778279,2000000.0,21431.4,17474.79
1852,3.162278,2000000.0,37963.35,17347.49
1853,5.623413,2000000.0,67326.29,17032.14
1854,10.0,2000000.0,119400.8,16683.51
1855,17.78279,2000000.0,213095.4,16392.9
1856,31.62278,2000000.0,384653.4,16262.47
1857,56.23413,2000000.0,712256.1,16522.95
1858,100.0,2000000.0,1375297.0,17575.38
1859,177.8279,2000000.0,2819410.0,19873.42
1860,316.2278,2000000.0,6034324.0,23982.49
1861,562.3413,2000000.0,1.382659E7,31354.03
1862,1000.0,2000000.0,3.331271E7,43364.7
1863,1.0E-10,3000000.0,1.869537E-6,28104.46
1864,2.0E-10,3000000.0,3.739074E-6,28104.46
1865,3.0E-10,3000000.0,5.608612E-6,28104.46
1866,4.0E-10,3000000.0,7.478149E-6,28104.46
1867,5.0E-10,3000000.0,9.347686E-6,28104.46
1868,6.0E-10,3000000.0,1.121723E-5,28104.46
1869,7.0E-10,3000000.0,1.308676E-5,28104.46
1870,8.0E-10,3000000.0,1.49563E-5,28104.46
1871,9.0E-10,3000000.0,1.682583E-5,28104.46
1872,1.0E-9,3000000.0,1.869537E-5,28104.46
1873,2.0E-9,3000000.0,3.739075E-5,28104.46
1874,3.0E-9,3000000.0,5.608611E-5,28104.46
1875,4.0E-9,3000000.0,7.478149E-5,28104.46
1876,5.0E-9,3000000.0,9.347685E-5,28104.46
1877,6.0E-9,3000000.0,1.121722E-4,28104.46
1878,7.0E-9,3000000.0,1.308676E-4,28104.46
1879,8.0E-9,3000000.0,1.49563E-4,28104.46
1880,9.0E-9,3000000.0,1.682583E-4,28104.46
1881,1.0E-8,3000000.0,1.869537E-4,28104.46
1882,2.0E-8,3000000.0,3.739074E-4,28104.46
1883,3.0E-8,3000000.0,5.608611E-4,28104.46
1884,4.0E-8,3000000.0,7.478147E-4,28104.46
1885,5.0E-8,3000000.0,9.347685E-4,28104.46
1886,6.0E-8,3000000.0,0.001121722,28104.46
1887,7.0E-8,3000000.0,0.001308676,28104.45
1888,8.0E-8,3000000.0,0.001495629,28104.45
1889,9.0E-8,3000000.0,0.001682583,28104.45
1890,1.0E-7,3000000.0,0.001869536,28104.45
1891,2.0E-7,3000000.0,0.003739072,28104.44
1892,3.0E-7,3000000.0,0.005608606,28104.43
1893,4.0E-7,3000000.0,0.007478138,28104.42
1894,5.0E-7,3000000.0,0.009347669,28104.41
1895,6.0E-7,3000000.0,0.0112172,28104.4
1896,7.0E-7,3000000.0,0.01308672,28104.39
1897,8.0E-7,3000000.0,0.01495626,28104.38
1898,9.0E-7,3000000.0,0.01682578,28104.37
1899,1.0E-6,3000000.0,0.0186953,28104.36
1900,2.0E-6,3000000.0,0.03739052,28104.26
1901,3.0E-6,3000000.0,0.05608574,28104.16
1902,4.0E-6,3000000.0,0.07478095,28104.05
1903,5.0E-6,3000000.0,0.09347616,28103.95
1904,6.0E-6,3000000.0,0.1121714,28103.85
1905,7.0E-6,3000000.0,0.1308666,28103.75
1906,8.0E-6,3000000.0,0.1495617,28103.65
1907,9.0E-6,3000000.0,0.1682569,28103.55
1908,1.0E-5,3000000.0,0.1869521,28103.45
1909,2.0E-5,3000000.0,0.3739026,28102.43
1910,3.0E-5,3000000.0,0.5608499,28101.41
1911,4.0E-5,3000000.0,0.7477925,28100.41
1912,5.0E-5,3000000.0,0.9347292,28099.45
1913,6.0E-5,3000000.0,1.121661,28098.56
1914,7.0E-5,3000000.0,1.308589,28097.77
1915,8.0E-5,3000000.0,1.495514,28097.1
1916,9.0E-5,3000000.0,1.682438,28096.58
1917,1.0E-4,3000000.0,1.869361,28096.24
1918,2.0E-4,3000000.0,3.738525,28093.9
1919,3.0E-4,3000000.0,5.607553,28091.68
1920,4.0E-4,3000000.0,7.476419,28089.57
1921,5.0E-4,3000000.0,9.3451,28087.56
1922,6.0E-4,3000000.0,11.21358,28085.66
1923,7.0E-4,3000000.0,13.08188,28083.86
1924,8.0E-4,3000000.0,14.95004,28082.15
1925,9.0E-4,3000000.0,16.81808,28080.54
1926,0.001,3000000.0,18.68604,28079.01
1927,0.002,3000000.0,37.3629,28067.45
1928,0.003,3000000.0,56.03516,28059.65
1929,0.004,3000000.0,74.70326,28052.28
1930,0.005,3000000.0,93.36762,28044.72
1931,0.006,3000000.0,112.0287,28038.98
1932,0.007,3000000.0,130.6868,28034.48
1933,0.008,3000000.0,149.3425,28030.27
1934,0.009,3000000.0,167.9961,28025.62
1935,0.01,3000000.0,186.6481,28020.53
1936,0.02,3000000.0,373.0677,27981.63
1937,0.03,3000000.0,559.2416,27954.47
1938,0.04,3000000.0,745.3029,27927.62
1939,0.05,3000000.0,931.2735,27904.99
1940,0.06,3000000.0,1117.136,27885.32
1941,0.07,3000000.0,1302.854,27867.71
1942,0.08,3000000.0,1488.481,27851.3
1943,0.09,3000000.0,1674.0,27835.32
1944,0.1,3000000.0,1859.39,27819.51
1945,0.177828,3000000.0,3299.237,27710.33
1946,0.316228,3000000.0,5855.443,27594.3
1947,0.562341,3000000.0,10393.75,27434.91
1948,1.0,3000000.0,18443.38,27265.65
1949,1.778279,3000000.0,32705.71,27132.93
1950,3.162278,3000000.0,57960.38,26913.18
1951,5.623413,3000000.0,102665.0,26590.82
1952,10.0,3000000.0,182015.3,26237.28
1953,17.78279,3000000.0,323624.2,25906.4
1954,31.62278,3000000.0,578567.6,25659.75
1955,56.23413,3000000.0,1048379.0,25697.52
1956,100.0,3000000.0,1948854.0,26396.13
1957,177.8279,3000000.0,3766839.0,28206.48
1958,316.2278,3000000.0,7584664.0,31797.96
1959,562.3413,3000000.0,1.632636E7,38179.05
1960,1000.0,3000000.0,3.723997E7,49435.97
1961,1.0E-10,6000000.0,3.739074E-6,56147.52
1962,2.0E-10,6000000.0,7.478147E-6,56147.52
1963,3.0E-10,6000000.0,1.121722E-5,56147.52
1964,4.0E-10,6000000.0,1.49563E-5,56147.52
1965,5.0E-10,6000000.0,1.869537E-5,56147.52
1966,6.0E-10,6000000.0,2.243445E-5,56147.52
1967,7.0E-10,6000000.0,2.617352E-5,56147.52
1968,8.0E-10,6000000.0,2.99126E-5,56147.52
1969,9.0E-10,6000000.0,3.365167E-5,56147.52
1970,1.0E-9,6000000.0,3.739074E-5,56147.52
1971,2.0E-9,6000000.0,7.47815E-5,56147.52
1972,3.0E-9,6000000.0,1.121722E-4,56147.52
1973,4.0E-9,6000000.0,1.495629E-4,56147.52
1974,5.0E-9,6000000.0,1.869537E-4,56147.52
1975,6.0E-9,6000000.0,2.243445E-4,56147.52
1976,7.0E-9,6000000.0,2.617352E-4,56147.52
1977,8.0E-9,6000000.0,2.99126E-4,56147.52
1978,9.0E-9,6000000.0,3.365167E-4,56147.52
1979,1.0E-8,6000000.0,3.739074E-4,56147.52
1980,2.0E-8,6000000.0,7.478148E-4,56147.52
1981,3.0E-8,6000000.0,0.001121722,56147.52
1982,4.0E-8,6000000.0,0.00149563,56147.52
1983,5.0E-8,6000000.0,0.001869538,56147.52
1984,6.0E-8,6000000.0,0.002243444,56147.52
1985,7.0E-8,6000000.0,0.002617352,56147.51
1986,8.0E-8,6000000.0,0.002991259,56147.51
1987,9.0E-8,6000000.0,0.003365167,56147.51
1988,1.0E-7,6000000.0,0.003739074,56147.51
1989,2.0E-7,6000000.0,0.007478146,56147.51
1990,3.0E-7,6000000.0,0.01121722,56147.5
1991,4.0E-7,6000000.0,0.01495629,56147.49
1992,5.0E-7,6000000.0,0.01869536,56147.48
1993,6.0E-7,6000000.0,0.02243443,56147.48
1994,7.0E-7,6000000.0,0.0261735,56147.47
1995,8.0E-7,6000000.0,0.02991256,56147.46
1996,9.0E-7,6000000.0,0.03365163,56147.45
1997,1.0E-6,6000000.0,0.03739069,56147.45
1998,2.0E-6,6000000.0,0.07478125,56147.37
1999,3.0E-6,6000000.0,0.1121718,56147.3
2000,4.0E-6,6000000.0,0.1495623,56147.22
2001,5.0E-6,6000000.0,0.1869529,56147.11
2002,6.0E-6,6000000.0,0.2243434,56147.11
2003,7.0E-6,6000000.0,0.2617339,56147.11
2004,8.0E-6,6000000.0,0.2991245,56147.11
2005,9.0E-6,6000000.0,0.336515,56147.11
2006,1.0E-5,6000000.0,0.3739055,56147.11
2007,2.0E-5,6000000.0,0.7478101,56147.11
2008,3.0E-5,6000000.0,1.121714,56147.11
2009,4.0E-5,6000000.0,1.495617,56147.11
2010,5.0E-5,6000000.0,1.86952,56147.17
2011,6.0E-5,6000000.0,2.243421,56147.11
2012,7.0E-5,6000000.0,2.617323,56147.1
2013,8.0E-5,6000000.0,2.991223,56147.1
2014,9.0E-5,6000000.0,3.365122,56147.1
2015,1.0E-4,6000000.0,3.739021,56147.05
2016,2.0E-4,6000000.0,7.477966,56146.1
2017,3.0E-4,6000000.0,11.21683,56144.64
2018,4.0E-4,6000000.0,14.95561,56142.8
2019,5.0E-4,6000000.0,18.6943,56140.69
2020,6.0E-4,6000000.0,22.43292,56138.43
2021,7.0E-4,6000000.0,26.17145,56136.15
2022,8.0E-4,6000000.0,29.90991,56133.97
2023,9.0E-4,6000000.0,33.6483,56131.98
2024,0.001,6000000.0,37.38661,56130.2
2025,0.002,6000000.0,74.7665,56119.72
2026,0.003,6000000.0,112.1423,56113.67
2027,0.004,6000000.0,149.5163,56109.15
2028,0.005,6000000.0,186.8889,56106.05
2029,0.006,6000000.0,224.2601,56103.6
2030,0.007,6000000.0,261.6299,56099.76
2031,0.008,6000000.0,298.9984,56096.01
2032,0.009,6000000.0,336.3654,56092.12
2033,0.01,6000000.0,373.7311,56089.28
2034,0.02,6000000.0,747.3113,56061.09
2035,0.03,6000000.0,1120.749,56040.68
2036,0.04,6000000.0,1494.029,56024.06
2037,0.05,6000000.0,1867.144,56010.97
2038,0.06,6000000.0,2240.237,55999.23
2039,0.07,6000000.0,2613.292,55985.85
2040,0.08,6000000.0,2986.273,55972.47
2041,0.09,6000000.0,3359.171,55958.92
2042,0.1,6000000.0,3731.995,55944.72
2043,0.177828,6000000.0,6631.861,55872.06
2044,0.316228,6000000.0,11785.77,55783.67
2045,0.562341,6000000.0,20945.06,55659.66
2046,1.0,6000000.0,37215.97,55522.34
2047,1.778279,6000000.0,66104.19,55419.03
2048,3.162278,6000000.0,117372.1,55250.46
2049,5.623413,6000000.0,208379.2,54986.9
2050,10.0,6000000.0,369950.0,54704.16
2051,17.78279,6000000.0,657105.5,54373.14
2052,31.62278,6000000.0,1168811.0,54041.15
2053,56.23413,6000000.0,2087815.0,53853.25
2054,100.0,6000000.0,3763493.0,54072.7
2055,177.8279,6000000.0,6891850.0,55070.71
2056,316.2278,6000000.0,1.28816E7,57289.52
2057,562.3413,6000000.0,2.483435E7,61494.06
2058,1000.0,6000000.0,5.037374E7,69704.39
2059,1.0E-10,1.0E7,6.23179E-6,93538.27
2060,2.0E-10,1.0E7,1.246358E-5,93538.27
2061,3.0E-10,1.0E7,1.869537E-5,93538.27
2062,4.0E-10,1.0E7,2.492717E-5,93538.27
2063,5.0E-10,1.0E7,3.115895E-5,93538.27
2064,6.0E-10,1.0E7,3.739075E-5,93538.27
2065,7.0E-10,1.0E7,4.362254E-5,93538.27
2066,8.0E-10,1.0E7,4.985432E-5,93538.27
2067,9.0E-10,1.0E7,5.608612E-5,93538.27
2068,1.0E-9,1.0E7,6.23179E-5,93538.27
2069,2.0E-9,1.0E7,1.246358E-4,93538.27
2070,3.0E-9,1.0E7,1.869537E-4,93538.27
2071,4.0E-9,1.0E7,2.492716E-4,93538.27
2072,5.0E-9,1.0E7,3.115895E-4,93538.27
2073,6.0E-9,1.0E7,3.739075E-4,93538.27
2074,7.0E-9,1.0E7,4.362253E-4,93538.27
2075,8.0E-9,1.0E7,4.985433E-4,93538.26
2076,9.0E-9,1.0E7,5.608612E-4,93538.26
2077,1.0E-8,1.0E7,6.23179E-4,93538.26
2078,2.0E-8,1.0E7,0.001246358,93538.26
2079,3.0E-8,1.0E7,0.001869537,93538.26
2080,4.0E-8,1.0E7,0.002492717,93538.26
2081,5.0E-8,1.0E7,0.003115895,93538.26
2082,6.0E-8,1.0E7,0.003739074,93538.26
2083,7.0E-8,1.0E7,0.004362253,93538.26
2084,8.0E-8,1.0E7,0.004985432,93538.26
2085,9.0E-8,1.0E7,0.005608612,93538.26
2086,1.0E-7,1.0E7,0.00623179,93538.26
2087,2.0E-7,1.0E7,0.01246358,93538.25
2088,3.0E-7,1.0E7,0.01869537,93538.25
2089,4.0E-7,1.0E7,0.02492715,93538.24
2090,5.0E-7,1.0E7,0.03115895,93538.24
2091,6.0E-7,1.0E7,0.03739073,93538.23
2092,7.0E-7,1.0E7,0.04362252,93538.23
2093,8.0E-7,1.0E7,0.0498543,93538.22
2094,9.0E-7,1.0E7,0.05608609,93538.21
2095,1.0E-6,1.0E7,0.06231785,93538.21
2096,2.0E-6,1.0E7,0.1246356,93538.15
2097,3.0E-6,1.0E7,0.1869534,93538.09
2098,4.0E-6,1.0E7,0.249271,93538.03
2099,5.0E-6,1.0E7,0.3115885,93537.98
2100,6.0E-6,1.0E7,0.3739061,93537.92
2101,7.0E-6,1.0E7,0.4362234,93537.86
2102,8.0E-6,1.0E7,0.4985408,93537.8
2103,9.0E-6,1.0E7,0.560858,93537.75
2104,1.0E-5,1.0E7,0.6231752,93537.69
2105,2.0E-5,1.0E7,1.246342,93537.11
2106,3.0E-5,1.0E7,1.869502,93536.53
2107,4.0E-5,1.0E7,2.492653,93535.96
2108,5.0E-5,1.0E7,3.115803,93535.38
2109,6.0E-5,1.0E7,3.738964,93534.8
2110,7.0E-5,1.0E7,4.362124,93534.23
2111,8.0E-5,1.0E7,4.985285,93533.65
2112,9.0E-5,1.0E7,5.608446,93533.07
2113,1.0E-4,1.0E7,6.231606,93532.5
2114,2.0E-4,1.0E7,12.46321,93528.57
2115,3.0E-4,1.0E7,18.69482,93526.68
2116,4.0E-4,1.0E7,24.92642,93525.36
2117,5.0E-4,1.0E7,31.15804,93524.1
2118,6.0E-4,1.0E7,37.38966,93523.83
2119,7.0E-4,1.0E7,43.62122,93524.22
2120,8.0E-4,1.0E7,49.85275,93524.56
2121,9.0E-4,1.0E7,56.0843,93524.69
2122,0.001,1.0E7,62.31596,93524.66
2123,0.002,1.0E7,124.6253,93518.27
2124,0.003,1.0E7,186.9306,93515.58
2125,0.004,1.0E7,249.2353,93512.92
2126,0.005,1.0E7,311.5391,93510.31
2127,0.006,1.0E7,373.8422,93507.73
2128,0.007,1.0E7,436.1445,93505.21
2129,0.008,1.0E7,498.446,93502.74
2130,0.009,1.0E7,560.7466,93500.33
2131,0.01,1.0E7,623.0464,93497.99
2132,0.02,1.0E7,1245.989,93479.26
2133,0.03,1.0E7,1868.821,93465.52
2134,0.04,1.0E7,2491.554,93451.84
2135,0.05,1.0E7,3114.207,93439.07
2136,0.06,1.0E7,3736.791,93428.07
2137,0.07,1.0E7,4359.302,93418.78
2138,0.08,1.0E7,4981.795,93407.87
2139,0.09,1.0E7,5604.249,93396.56
2140,0.1,1.0E7,6226.62,93385.81
2141,0.177828,1.0E7,11069.24,93334.51
2142,0.316228,1.0E7,19678.03,93274.45
2143,0.562341,1.0E7,34980.0,93188.44
2144,1.0,1.0E7,62173.38,93087.17
2145,1.778279,1.0E7,110494.6,92991.13
2146,3.162278,1.0E7,196376.9,92819.21
2147,5.623413,1.0E7,348941.5,92601.97
2148,10.0,1.0E7,620000.6,92369.78
2149,17.78279,1.0E7,1101643.0,92084.33
2150,31.62278,1.0E7,1958216.0,91778.93
2151,56.23413,1.0E7,3487834.0,91519.28
2152,100.0,1.0E7,6236198.0,91560.16
2153,177.8279,1.0E7,1.123433E7,92143.46
2154,316.2278,1.0E7,2.0427E7,93570.41
2155,562.3413,1.0E7,3.776963E7,96487.42
2156,1000.0,1.0E7,7.19836E7,102733.9
